Workbook

Sheet Allgemeine_Hinweise
A1: Diese Seite enthält Informationen zur Version der bereitgestellten Liste mit Emissionsfaktoren, Allgemeine Hinweise, Bilanzgrenzen, Haftungsausschluss, Rückmeldungen und Verbesserungsvorschläge einen Ausblick sowie die am Redaktionsprozess beteiligten Facheinheiten des Umweltbundesamtes.
A8: Liste mit Emissionsfaktoren für die Treibhausgasbilanzierung von Organisationen
A9: List of emission factors for the greenhouse gas accounting of organisations
A11: Version
A12: V 2.1
A13: Fertigstellung: März 2026
A15: Allgemeine Hinweise
A16: Die in dieser Liste enthaltenen Emissionsfaktoren wurden durch das Umweltbundesamt auf Basis von eigenen und extern vergebenen Forschungsprojekten sowie weiteren Quellen zusammengetragen. Für jeden aufgeführten Emissionsfaktor ist die jeweilige Datenquelle angegeben. Eine Differenzierung nach Treibhausgasen (CO₂, CH₄, N₂O) erfolgt dort, wo die Daten verfügbar sind und eine Aufteilung notwendig ist. Eine Differenzierung nach weiteren Treibhausgasen oder Nicht-CO₂ Effekten wird nur in Ausnahmefällen vorgenommen. Die zugrunde gelegten Global Warming Potentials (GWPs) für viele Emissionsfaktoren entsprechen meist dem 5. Sachstandsbericht (AR5) des Intergovernmental Panel on Climate Change (IPCC) für einen Zeitraum von 100 Jahren. Hintergrund dafür sind internationale Berichtsstandards auf denen viele der angegebenen Werte beruhen. Die veröffentlichten Emissionsfaktoren stellen ausschließlich generische Referenzwerte dar. Liegen der nutzenden Organisation belastbare aktivitätsspezifische Emissionsfaktoren vor, sind diese den generischen Werten vorzuziehen. Die Emissionsfaktorenliste orientiert sich am Corporate Standard des Greenhouse Gas Protocols. In folgenden Punkten ist die Übereinstimmung aufgrund fehlender Daten nicht vollständig möglich: - Die zugrunde gelegten Emissionsfaktoren basieren in großen Teilen auf GWPs aus dem 5. Sachstandsreport des IPCC (siehe Grund obenstehend). - Der Emissionsfaktor Strommix Deutschland wird inklusive Übertragungsnetzverlusten angegeben. Diese werden sowohl im Emissionsfaktor für die Vorkette, als auch bei den direkten Emissionen der Stromerzeugung jeweils anteilig berücksichtigt. - Emissionsfaktoren für Fernwärme entsprechen Gesamtwerten und können von uns nicht differenziert nach Primärenergieträger-Input und direkten und Vorkettenemissionsfaktoren bereitgestellt werden (Ausnahmen sind der Emissionsfaktor für den fossilen Fernwärmemix sowie für Fernwärme aus fester Biomasse). - Die Emissionsfaktorenliste ist in Handlungsfelder strukturiert, die den Scopes 1, 2 und 3 zugeordnet sind. Im Scope 3 folgt sie nicht den 15 Kategorien des GHG Protocol Corporate Standard. Eine Aktualisierung der bereitgestellten Emissionsfaktorenliste ist jährlich im Dezember vorgesehen. Fehler jeglicher Art werden im Rahmen kurzfristigerer Aktualisierungen korrigiert. Die jeweils geltende Version und der Stand werden durch entsprechende Nummerierung mit dazugehörigem Datum angezeigt.
A18: Bilanzgrenzen
A19: Die Bilanzierungsgrenzen entsprechen den Vorgaben des Greenhouse Gas Protocols und werden in den Blättern differenziert in Scope 1-3 aufgeführt (siehe Scope-Angaben in den Blättern sowie in den IDs der Emissionsfaktoren > Blatt "Technische_Hinweise")
A21: Haftungsausschluss
A22: Das Umweltbundesamt übernimmt keinerlei Gewähr für die Aktualität, Korrektheit, Vollständigkeit oder Qualität der bereitgestellten Informationen. Haftungsansprüche gegen das Umweltbundesamt welche sich auf Schäden materieller oder ideeller Art beziehen, die durch die Nutzung oder Nichtnutzung der dargebotenen Informationen bzw. durch die Nutzung fehlerhafter und unvollständiger Informationen verursacht wurden, sind grundsätzlich ausgeschlossen, sofern seitens des Umweltbundesamtes kein nachweislich vorsätzliches oder grob fahrlässiges Verschulden vorliegt. Alle Angebote der bereitgestellten Emissionsfaktoren sind freibleibend und unverbindlich. Das Umweltbundesamt behält es sich ausdrücklich vor, Teile der Emissionsfaktorenliste oder das gesamte Angebot ohne gesonderte Ankündigung zu verändern, zu ergänzen, zu löschen oder die Veröffentlichung zeitweise oder endgültig einzustellen. | C22: Quelle: Greenhouse gas protocol (2011): corporate value chain (Scope 3) accounting and reporting standard, supplement to the GHG protocol corporate accounting and reporting standard. World Resources Institute [Geneva, Switzerland]; World Business Council for Sustainable Development, Washington, DC. https://ghgprotocol.org/sites/default/files/standards/Corporate-Value-Chain-Accounting-Reporing-Standard-EReader_041613_0.pdf
A24: Rückmeldungen und Verbesserungsvorschläge
A25: Wir freuen uns über Ihr Feedback, Ihre Vorschläge und Fragen, um diese Liste weiter zu verbessern. Ihre Rückmeldungen können Sie uns gerne per E-Mail unter folgender Adresse senden: ef-liste@uba.de
A27: Ausblick
A28: Im Rahmen einer Erprobungsphase vor der Veröffentlichung der Emissionsfaktorenliste wurden uns viele Wünsche und Bedarfe zurückgemeldet. Einige davon konnten kurzfristig umgesetzt werden, während andere einen deutlich größeren Umsetzungsaufwand bedeuten. Um einen Ausblick auf kommende Erweiterungen der Emissionsfaktorenliste zu geben, seien folgende Beispiele für zukünftige Entwicklungen an dieser Stelle genannt: - Bereitstellung von weiteren Emissionsfaktoren für eingekaufte Güter und Dienstleistungen - Bereitstellung einer detaillierten Dokumentation als .pdf Wir bemühen uns, eine Vielzahl an Emissionsfaktoren bereitzustellen. Bitte haben Sie dafür Verständnis, dass wir dabei keine bestimmten Branchenwünsche mit den jeweils spezifischen Bedarfen an Emissionsfaktoren berücksichtigen können.
A30: Redaktion
A31: Fachgebiet I 1.5: Nachhaltige Unternehmen und Verwaltungen, Sustainable Finance, Umweltkosten
A32: Service- und Beratungsstelle zur Unterstützung der Koordinierungsstelle Klimaneutrale Bundesverwaltung (KKB)
A33: Fachgebiet III 2.1: Übergreifende Angelegenheiten, Chemische Industrie, Feuerungsanlagen

Sheet Inhaltsverzeichnis
A1: Diese Seite enthält ein Inhaltsverzeichnis.
A8: Inhaltsverzeichnis
A9: Scope | B9: Blattname / Link | C9: Beschreibung der enthaltenen Faktoren | D9: Beispiel für Emissionsfaktoren im jeweiligen Blatt | E9: ID / Link
A10: Scope 1 | B10: 01_Stationäre_Verbrennung | C10: Biogene und fossile Brennstoffe ohne Vorketten | D10: Verbrennung von Erdgas [1kWh] ohne Vorkette (Brennwert-bezogen) | E10: 01_10_02_005_01
A11: Scope 1 | B11: 02_Mobile_Verbrennung | C11: Biogene und fossile Brennstoffe für den Einsatz in mobilen Geräten, nach Kraftstoffverbrauch sowie nach nach Strecke/Fahrzeug für Güterfahrzeuge und Personenfahrzeuge ohne Vorketten | D11: Verbrennung von einem Liter Benzin in einem Auto, direkte Emissionen, ohne Vorkette | E11: 02_10_01_001_02
A12: Scope 1 | B12: 03_Industrieprozesse | C12: Direkte Emissionen aus Industrieprozessen | D12: Produktion von Zementklinker | E12: 03_10_01_001_04
A13: Scope 1 | B13: 04_Kältemittel u.a. | C13: Global Warming Potentials für Kältemittel und andere Verbindungen | D13: GWP von 1kg HFKW-134a | E13: 04_10_01_006_XX
A14: Scope 2 und 3 | B14: 05_Strom | C14: Strombezug in Deutschland | D14: Strommix in Deutschland mit Vorkette | E14: 05_32_01_001_01
A15: Scope 2 und 3 | B15: 06_Wärme | C15: Fernwärmebezug differenziert nach hauptsächlich verwendeter Bezugsquelle | D15: fossiler Fernwärme-Mix, Gesamtemissionen | E15: 06_32_01_008_01
A16: Scope 3 | B16: 07_Stat._Verbr. V.&m.V. | C16: Biogene und fossile Brennstoffe: Vorketten sowie inklusive Vorketten | D16: Verbrennung von Erdgas [1kWh], Vorkette | E16: 07_31_02_005_01
A17: Scope 3 | B17: 08_Dienstreisen_Arbeitswege_m.V. | C17: Biogene und fossile Brennstoffe nach Kraftstoffverbrauch sowie nach nach Strecke/Fahrzeug für Personenfahrzeuge: Vorketten sowie inklusive Vorketten | D17: Dienstreise mit dem Zug im Fernverkehr für 1 Person pro km (pkm) | E17: 08_32_03_038_09
A18: Scope 3 | B18: 09_Gütertransport_m.V. | C18: Biogene und fossile Brennstoffe nach Kraftstoffverbrauch sowie nach Strecke/Fahrzeug für Gütertransport: Vorketten sowie inklusive Vorketten | D18: Verbrennung von einem Liter Benzin in einem Auto, Vorkette | E18: 09_31_01_001_02
A19: Scope 3 | B19: 10_Güter_Dienstleistungen m.V. | C19: Verpflegung, IT-Dienstleistungen und Arbeitsplatzausstattung mit Vorketten | D19: Bezug von einem Notebook | E19: 10_32_01_005_XX
A20: Scope 3 | B20: 11_Abwasser | C20: Abwasseraufbereitung | D20: Abwasseraufbereitung in kommunalen Kläranlagen | E20: 11_32_01_001_05
A21: Scope 3 | B21: 12_Ressourcen m.V. | C21: Kunststoffe, Mineralien, Metalle, Anbauprodukte sowie organische und anorganische Chemikalien mit Vorketten > siehe BAFA-Informationsblatt
A22: Weiteres | B22: Außerhalb der Scopes | C22: CO2-Teil der Verbrennung von biogenen Brennstoffen | D22: CO2-Anteil bei der Verbrennung von Biogas [pro m3] | E22: XX_00_01_002_05
A23: Weiteres | B23: Anwendungshilfe Kältemittel | C23: Durchschnittliche Verlustwerte für Kältemittel (HFKW, FKW und Blends) in Produktion, Betrieb, Entsorgung und Vor-Ort-Installation | D23: Verlustanteil pro Jahr bezogen auf die Gesamtfüllmenge in einem Multi-Split-Gerät | E23: C44
A24: Weiteres | B24: Umrechnungsfaktoren | C24: Umrechnungsfaktoren
A25: Weiteres | B25: Change-log | C25: Änderungshistorie
A26: Weiteres | B26: Quellenverzeichnis | C26: Quellenverzeichnis
A27: Weiteres | B27: Impressum | C27: Impressum

Sheet Technische_Hinweise
A1: Technische Hinweise
A2: Dieses Blatt enthält technische Hinweise für die Anwendung der Emissionsfaktoren aus der vorliegenden Emissionsfaktorenliste.
A3: Die Änderungshistorie wird künftig in einem separaten Blatt (change-log) zu finden sein.
B5: Zellmarkierung für momentan noch fehlende Werte
A7: Anwendungshinweis für die Berücksichtigung von Emissionen "außerhalb der Scopes"
A8: Die biogenen CO2-Emissionen bleiben bei den brennstoff-bezogenen Emissionsfaktoren von biogenen Brennstoffen in Scope 1 und Scope 3 bislang unberücksichtigt. Diese Differenzierung ist laut GHG-Protocol erforderlich. Dieser Emissionsposten kann "außerhalb der Scopes" unter Nutzung des gleichnamigen Blattes, bei Bedarf berücksichtigt werden.
A9: Beispiel: | B9: Bioethanol [Angabe pro Liter] - die enthaltenen Werte sind Beispielwerte für das Bezugsjahr 2023
B10: ID | C10: Blatt | D10: enthält | E10: Einheit | F10: kg CO2e | G10: kg CO2 | H10: kg CH4 | I10: kg N2O | J10: Anmerkung
A11: Bioethanol (mobile Verbrennung) | B11: 02_10_01_003_04 | C11: 02_Mobile_Verbrennung | D11: direkte Emissionen (ohne biogenes CO2) | E11: l | F11: 0.1066 | G11: 0.1005 | H11: 0.000154 | I11: 6.66e-06 | J11: Die aufgeführten CO2-Emissionen berücksichtigen nur den fossilen CO2 Anteil im Brennstoff (z.B. durch Additive).
A12: Bioethanol (mobile Verbrennung) | B12: 08_31_01_003_02 | C12: 08_Arbeitswege_Dienstreisen_m.V. | D12: Vorkette | E12: l | F12: 0.19360926 | G12: 0.10533209 | H12: 0.0009979425 | I12: 0.00022767839 | J12: ID 08_31_01_003_02 Bioethanol auf dem Blatt 08_Arbeitswege_Dienstreisen_m.V. [Angabe pro Liter]: die aufgeführten Emissionen berücksichtigen die Vorketten
A13: Bioethanol (mobile Verbrennung) | B13: 08_32_02_003_02 | C13: 08_Arbeitswege_Dienstreisen_m.V. | D13: Gesamt, ohne biogenes CO2 | E13: l | F13: 0.30020926 | G13: 0.20583209 | H13: 0.0011519425 | I13: 0.00023433839 | J13: Summe aus direkten Emissionen und Vorkette entspricht ID 08_32_02_003_02 ("Gesamtwert", ohne biogene CO2-Emissionen)
A14: Bioethanol (mobile Verbrennung) | B14: XX_00_02_003_02 | C14: Außerhalb der Scopes | D14: biogene CO2-Emissionen | E14: l | F14: 1.4075 | G14: 1.4075 | H14: - | I14: - | J14: CO2-Emissionen aus der Verbrennung von Biomasse, hier Bioethanol
A15: Bioethanol (mobile Verbrennung) | B15: In der EF-Liste nicht enthalten. | C15: In der EF-Liste nicht enthalten. | D15: Gesamt, mit biogenem CO2 | E15: l | F15: 1.7077093 | G15: 1.6133321 | H15: 0.0011519425 | I15: 0.00023433839 | J15: Summe aus Gesamt ID 08_32_02_003_02 ("Gesamtwert", ohne biogene CO2-Emissionen) und ID XX_00_02_003_02 (biogene CO2-Emissionen)
A17: Zusammensetzung der IDs
A18: 5 Stellen in dieser Version der Emissionsfaktorenliste:
A19: XX_XX_XX_XXX_XX
A20: 1. Stelle: 01_XX_XX_XXX_XX
A21: - Blattnummer
A22: - Außerhalb der Scopes: XX
A24: 2. Stelle: XX_10_XX_XXX_XX
A25: - Scopezuordnung
A26: 10 | B26: Scope 1 - direkte Emissionen
A27: 20 | B27: Scope 2 - direkte Emissionen
A28: 31 | B28: Scope 3 - nur Vorkette
A29: 32 | B29: Scope 3 - Gesamt
A30: 00 | B30: Außerhalb der Scopes
A32: 3. Stelle: XX_XX_01_XXX_XX
A33: - Faktorengruppe
A34: z. B. 01 | B34: Stationäre Verbrennung - Erneuerbare Brennstoffe
A35: z.B. 02 | B35: Stationäre Verbrennung - Fossile Brennstoffe
A37: 4. Stelle: XX_XX_XX_001_XX
A38: - laufende Nummer pro Eintrag (z.B. Brennstoff)
A40: 5. Stelle: XX_XX_XX_XXX_01
A41: - Einheit
A42: kWh | B42: 01
A43: l | B43: 02
A44: kg | B44: 03
A45: t | B45: 04
A46: m³ | B46: 05
A47: km | B47: 06
A48: Gerät/a | B48: 07
A49: h | B49: 08
A50: pkm | B50: 09
A51: tkm | B51: 10
A53: Die maschinenlesbare Version der Emissionsfaktorenliste enthält eine 6. Stelle um die Treibhausgase sowie einen Wert für die summierten Treibhausgasäquivalente berücksichtigen zu können.
A54: _1 | B54: CO2e
A55: _2 | B55: CO2
A56: _3 | B56: CH4
A57: _4 | B57: N2O
A58: _5 | B58: CO2eEWF | C58: Emission Weighting Factor; nur bei Flugreisen

Sheet 01_Stationäre_Verbrennung
A1: 01 Stationäre Verbrennung | C1: Scope | D1: 1
A3: Biogene und fossile Brennstoffe ohne Vorketten
A4: Anmerkungen: Die Emissionsfaktoren beziehen sich auf die stationäre Verbrennung basierend auf den Endenergieverbrauch zur Wärmebereitstellung. Die Angaben in kWh entsprechen, wenn nicht anders angegeben, dem unteren Heizwert. Die angegebenen Emissionsfaktoren von biogenen Brennstoffen werden abzüglich des CO2-Anteils aus der Verbrennung ausgewiesen. Für die Berücksichtigung der Emissionen aus der Verbrennung müssen die hier aufgeführten Werte mit den Werten des Blattes "Außerhalb der Scopes" kombiniert werden.
B5: Der Emissionsfaktor (EF) für Erdgas ist in der benannten Quelle auf den unteren Heizwert bezogen. In den Erdgas Abrechnungen der Versorger sind die Energiemengen auf Brennwert bezogen. Für die Umrechnung der Werte für Erdgas von Heizwert auf Brennwert wurde der folgende Umrechnungsfaktor genutzt: 0,903; Beispielrechnung: 0,2029kg CO2e/kWh*0,903=0,1833kg CO2e/kWh.
A6: ID | B6: Scope | C6: Level 1 | D6: Level 2 | E6: Level 3 | F6: Level 4 | G6: Level 5 | H6: Einheit | I6: kg CO2e | J6: kg CO2 | K6: kg CH4 | L6: kg N2O | M6: Bezugsjahr | N6: Veröffentlichungsjahr | O6: Quelle | P6: Anmerkungen
A7: 01_10_01_001_01 | B7: Scope 1 | C7: Stationäre Verbrennung | D7: erneuerbare Brennstoffe | E7: Biodiesel | H7: kWh | I7: 0.0029224419 | K7: 4.7488025e-06 | L7: 1.0526322e-05 | M7: 2024 | N7: 2025 | O7: Emissionsbilanz erneuerbarer Energieträger (Lauf et al. 2026) | P7: Der Wert bezieht sich auf die Wärmebereitstellung, nicht auf die Nutzung im Verkehrsbereich.
A8: 01_10_01_001_02 | B8: Scope 1 | C8: Stationäre Verbrennung | D8: erneuerbare Brennstoffe | E8: Biodiesel | H8: l | I8: 0.026574509 | K8: 4.3182072e-05 | L8: 9.5718534e-05 | M8: 2024 | N8: 2025 | O8: Berechenbar mittels Emissionsbilanz erneuerbarer Energieträger (Lauf et al. 2026) | P8: Der Wert bezieht sich auf die Wärmebereitstellung, nicht auf die Nutzung im Verkehrsbereich.
A9: 01_10_01_001_04 | B9: Scope 1 | C9: Stationäre Verbrennung | D9: erneuerbare Brennstoffe | E9: Biodiesel | H9: t | I9: 30.232662 | K9: 0.049126362 | L9: 0.10889481 | M9: 2024 | N9: 2025 | O9: Berechenbar mittels Emissionsbilanz erneuerbarer Energieträger (Lauf et al. 2026) | P9: Der Wert bezieht sich auf die Wärmebereitstellung, nicht auf die Nutzung im Verkehrsbereich.
A10: 01_10_01_002_01 | B10: Scope 1 | C10: Stationäre Verbrennung | D10: erneuerbare Brennstoffe | E10: Biogas | H10: kWh | I10: 0.051037559 | K10: 0.0017703 | L10: 5.544e-06 | M10: 2024 | N10: 2025 | O10: Emissionsbilanz erneuerbarer Energieträger (Lauf et al. 2026)
A11: 01_10_01_002_05 | B11: Scope 1 | C11: Stationäre Verbrennung | D11: erneuerbare Brennstoffe | E11: Biogas | H11: m³ | I11: 0.28354426 | K11: 0.0098350784 | L11: 3.0800246e-05 | M11: 2024 | N11: 2025 | O11: Berechenbar mittels Emissionsbilanz erneuerbarer Energieträger (Lauf et al. 2026)
A12: 01_10_01_003_01 | B12: Scope 1 | C12: Stationäre Verbrennung | D12: erneuerbare Brennstoffe | E12: Biomethan | H12: kWh | I12: 0.028292148 | K12: 0.000978066 | L12: 3.42e-06 | M12: 2024 | N12: 2025 | O12: Emissionsbilanz erneuerbarer Energieträger (Lauf et al. 2026) | P12: Der Wert bezieht sich auf die Wärmebereitstellung, nicht auf die Nutzung im Verkehrsbereich.
A13: 01_10_01_003_02 | B13: Scope 1 | C13: Stationäre Verbrennung | D13: erneuerbare Brennstoffe | E13: Biomethan | H13: l | I13: =I12*Umrechnungsfaktoren!$H$20 -> 0.26165522 | K13: =K12*Umrechnungsfaktoren!$H$20 -> 0.0090454804 | L13: =L12*Umrechnungsfaktoren!$H$20 -> 3.16293e-05 | M13: 2024 | N13: 2025 | O13: Berechenbar mittels Emissionsbilanz erneuerbarer Energieträger (Lauf et al. 2026) | P13: Der Wert bezieht sich auf die Wärmebereitstellung, nicht auf die Nutzung im Verkehrsbereich.
A14: 01_10_01_003_04 | B14: Scope 1 | C14: Stationäre Verbrennung | D14: erneuerbare Brennstoffe | E14: Biomethan | H14: t | I14: =I12*Umrechnungsfaktoren!$F$20 -> 365.44025 | K14: =K12*Umrechnungsfaktoren!$F$20 -> 12.633352 | L14: =L12*Umrechnungsfaktoren!$F$20 -> 0.044175 | M14: 2024 | N14: 2025 | O14: Berechenbar mittels Emissionsbilanz erneuerbarer Energieträger (Lauf et al. 2026) | P14: Der Wert bezieht sich auf die Wärmebereitstellung, nicht auf die Nutzung im Verkehrsbereich.
A15: 01_10_01_004_01 | B15: Scope 1 | C15: Stationäre Verbrennung | D15: erneuerbare Brennstoffe | E15: Deponiegas | H15: kWh | I15: 0.032946984 | K15: 0.001124208 | L15: 5.544e-06 | M15: 2024 | N15: 2025 | O15: Emissionsbilanz erneuerbarer Energieträger (Lauf et al. 2026)
A16: 01_10_01_004_05 | B16: Scope 1 | C16: Stationäre Verbrennung | D16: erneuerbare Brennstoffe | E16: Deponiegas | H16: m³ | I16: 0.13178794 | K16: 0.004496832 | L16: 2.2176e-05 | M16: 2024 | N16: 2025 | O16: Berechenbar mittels Emissionsbilanz erneuerbarer Energieträger (Lauf et al. 2026)
A17: 01_10_01_005_01 | B17: Scope 1 | C17: Stationäre Verbrennung | D17: erneuerbare Brennstoffe | E17: Klärgas | H17: kWh | I17: 0.032946984 | K17: 0.001124208 | L17: 5.544e-06 | M17: 2024 | N17: 2025 | O17: Emissionsbilanz erneuerbarer Energieträger (Lauf et al. 2026)
A18: 01_10_01_005_05 | B18: Scope 1 | C18: Stationäre Verbrennung | D18: erneuerbare Brennstoffe | E18: Klärgas | H18: m³ | I18: 0.2040868 | K18: 0.006963794 | L18: 3.4341754e-05 | M18: 2024 | N18: 2025 | O18: Berechenbar mittels Emissionsbilanz erneuerbarer Energieträger (Lauf et al. 2026)
A19: 01_10_01_006_01 | B19: Scope 1 | C19: Stationäre Verbrennung | D19: erneuerbare Brennstoffe | E19: feste Biomasse | F19: Gemischtes Wald-Scheitholz | G19: Einzelraumfeuerung | H19: kWh | I19: 0.015179872 | K19: 0.00047873086 | L19: 6.6996545e-06 | M19: 2024 | N19: 2025 | O19: Emissionsbilanz erneuerbarer Energieträger (Lauf et al. 2026)
A20: 01_10_01_006_05 | B20: Scope 1 | C20: Stationäre Verbrennung | D20: erneuerbare Brennstoffe | E20: feste Biomasse | F20: Gemischtes Wald-Scheitholz | G20: Einzelraumfeuerung | H20: m³ | I20: 24.352943 | K20: 0.76802392 | L20: 0.0107482 | M20: 2024 | N20: 2025 | O20: Berechenbar mittels Emissionsbilanz erneuerbarer Energieträger (Lauf et al. 2026) | P20: Mittelwert aus Laubholz und Nadelholz, Bezug Raummeter Holz, 15% Wassergehalt
A21: 01_10_01_006_04 | B21: Scope 1 | C21: Stationäre Verbrennung | D21: erneuerbare Brennstoffe | E21: feste Biomasse | F21: Gemischtes Wald-Scheitholz | G21: Einzelraumfeuerung | H21: t | I21: 65.146953 | K21: 2.0545533 | L21: 0.028752684 | M21: 2024 | N21: 2025 | O21: Berechenbar mittels Emissionsbilanz erneuerbarer Energieträger (Lauf et al. 2026) | P21: Mittelwert aus Laubholz und Nadelholz, 15% Wassergehalt
A22: 01_10_01_007_01 | B22: Scope 1 | C22: Stationäre Verbrennung | D22: erneuerbare Brennstoffe | E22: feste Biomasse | F22: Gemischtes Wald-Scheitholz | G22: Kessel | H22: kWh | I22: 0.00083955063 | K22: 2.0443951e-05 | L22: 1.008e-06 | M22: 2024 | N22: 2025 | O22: Emissionsbilanz erneuerbarer Energieträger (Lauf et al. 2026)
A23: 01_10_01_007_05 | B23: Scope 1 | C23: Stationäre Verbrennung | D23: erneuerbare Brennstoffe | E23: feste Biomasse | F23: Gemischtes Wald-Scheitholz | G23: Kessel | H23: m³ | I23: 1.3468841 | K23: 0.03279806 | L23: 0.001617126 | M23: 2024 | N23: 2025 | O23: Berechenbar mittels Emissionsbilanz erneuerbarer Energieträger (Lauf et al. 2026) | P23: Mittelwert aus Laubholz und Nadelholz, Bezug Raummeter Holz, 15% Wassergehalt
A24: 01_10_01_007_04 | B24: Scope 1 | C24: Stationäre Verbrennung | D24: erneuerbare Brennstoffe | E24: feste Biomasse | F24: Gemischtes Wald-Scheitholz | G24: Kessel | H24: t | I24: 3.6030715 | K24: 0.087738624 | L24: 0.004326 | M24: 2024 | N24: 2025 | O24: Berechenbar mittels Emissionsbilanz erneuerbarer Energieträger (Lauf et al. 2026) | P24: Mittelwert aus Laubholz und Nadelholz, 15% Wassergehalt
A25: 01_10_01_008_01 | B25: Scope 1 | C25: Stationäre Verbrennung | D25: erneuerbare Brennstoffe | E25: feste Biomasse | F25: Altholz / Holzreste | G25: Industrielle Feuerung | H25: kWh | I25: 0.0033983741 | K25: 3.1898293e-05 | L25: 9.4536675e-06 | M25: 2024 | N25: 2025 | O25: Emissionsbilanz erneuerbarer Energieträger (Lauf et al. 2026)
A26: 01_10_01_008_05 | B26: Scope 1 | C26: Stationäre Verbrennung | D26: erneuerbare Brennstoffe | E26: feste Biomasse | F26: Altholz / Holzreste | G26: Industrielle Feuerung | H26: m³ | I26: 7.0771141 | K26: 0.066428196 | L26: 0.019687262 | M26: 2024 | N26: 2025 | O26: Berechenbar mittels Emissionsbilanz erneuerbarer Energieträger (Lauf et al. 2026)
A27: 01_10_01_008_04 | B27: Scope 1 | C27: Stationäre Verbrennung | D27: erneuerbare Brennstoffe | E27: feste Biomasse | F27: Altholz / Holzreste | G27: Industrielle Feuerung | H27: t | I27: 13.876694 | K27: 0.13025137 | L27: 0.038602475 | M27: 2024 | N27: 2025 | O27: Berechenbar mittels Emissionsbilanz erneuerbarer Energieträger (Lauf et al. 2026)
A28: 01_10_01_009_01 | B28: Scope 1 | C28: Stationäre Verbrennung | D28: erneuerbare Brennstoffe | E28: feste Biomasse | F28: Pellets | H28: kWh | I28: 0.00036862977 | K28: 1.7896112e-06 | L28: 1.2019647e-06 | M28: 2024 | N28: 2025 | O28: Emissionsbilanz erneuerbarer Energieträger (Lauf et al. 2026)
A29: 01_10_01_009_05 | B29: Scope 1 | C29: Stationäre Verbrennung | D29: erneuerbare Brennstoffe | E29: feste Biomasse | F29: Pellets | H29: m³ | I29: 1.1381444 | K29: 0.0055254245 | L29: 0.0037110662 | M29: 2024 | N29: 2025 | O29: Berechenbar mittels Emissionsbilanz erneuerbarer Energieträger (Lauf et al. 2026)
A30: 01_10_01_009_04 | B30: Scope 1 | C30: Stationäre Verbrennung | D30: erneuerbare Brennstoffe | E30: feste Biomasse | F30: Pellets | H30: t | I30: 1.7509914 | K30: 0.0085006531 | L30: 0.0057093326 | M30: 2024 | N30: 2025 | O30: Berechenbar mittels Emissionsbilanz erneuerbarer Energieträger (Lauf et al. 2026)
A31: 01_10_02_001_01 | B31: Scope 1 | C31: Stationäre Verbrennung | D31: fossile Brennstoffe | E31: Braunkohle | F31: Briketts | H31: kWh | I31: 0.38198781 | J31: 0.35312378 | K31: 0.000853632 | L31: 1.872576e-05 | M31: 2024 | N31: 2025 | O31: Emissionsbilanz erneuerbarer Energieträger (Lauf et al. 2026)
A32: 01_10_02_001_04 | B32: Scope 1 | C32: Stationäre Verbrennung | D32: fossile Brennstoffe | E32: Braunkohle | F32: Briketts | H32: t | I32: 2038.5416 | J32: 1884.5039 | K32: 4.5555494 | L32: 0.099933139 | M32: 2024 | N32: 2025 | O32: Berechenbar mittels Emissionsbilanz erneuerbarer Energieträger (Lauf et al. 2026)
A33: 01_10_02_002_01 | B33: Scope 1 | C33: Stationäre Verbrennung | D33: fossile Brennstoffe | E33: flüssige Brennstoffe | F33: Heizöl, leicht | H33: kWh | I33: 0.26699799 | J33: 0.266472 | K33: 1.6524e-07 | L33: 1.9674e-06 | M33: 2024 | N33: 2025 | O33: Emissionsbilanz erneuerbarer Energieträger (Lauf et al. 2026)
A34: 01_10_02_002_02 | B34: Scope 1 | C34: Stationäre Verbrennung | D34: fossile Brennstoffe | E34: flüssige Brennstoffe | F34: Heizöl, leicht | H34: l | I34: 2.6208878 | J34: 2.6157247 | K34: 1.6220179e-06 | L34: 1.9312261e-05 | M34: 2024 | N34: 2025 | O34: Berechenbar mittels Emissionsbilanz erneuerbarer Energieträger (Lauf et al. 2026)
A35: 01_10_02_002_04 | B35: Scope 1 | C35: Stationäre Verbrennung | D35: fossile Brennstoffe | E35: flüssige Brennstoffe | F35: Heizöl, leicht | H35: t | I35: 3157.6962 | J35: 3151.4755 | K35: 0.0019542384 | L35: 0.023267784 | M35: 2024 | N35: 2025 | O35: Berechenbar mittels Emissionsbilanz erneuerbarer Energieträger (Lauf et al. 2026)
A36: 01_10_02_003_01 | B36: Scope 1 | C36: Stationäre Verbrennung | D36: fossile Brennstoffe | E36: flüssige Brennstoffe | F36: Dieselkraftstoff | H36: kWh | I36: 0.27123483 | J36: 0.26753447 | K36: 1.2890045e-05 | L36: 1.2601632e-05 | M36: 2024 | N36: 2025 | O36: Emissionsbilanz erneuerbarer Energieträger (Lauf et al. 2026)
A37: 01_10_02_003_02 | B37: Scope 1 | C37: Stationäre Verbrennung | D37: fossile Brennstoffe | E37: flüssige Brennstoffe | F37: Dieselkraftstoff | H37: l | I37: 2.686194 | J37: 2.6495473 | K37: 0.0001276575 | L37: 0.00012480119 | M37: 2024 | N37: 2025 | O37: Berechenbar mittels Emissionsbilanz erneuerbarer Energieträger (Lauf et al. 2026)
A38: 01_10_02_003_04 | B38: Scope 1 | C38: Stationäre Verbrennung | D38: fossile Brennstoffe | E38: flüssige Brennstoffe | F38: Dieselkraftstoff | H38: t | I38: 3228.5986 | J38: 3184.552 | K38: 0.1534345 | L38: 0.15000142 | M38: 2024 | N38: 2025 | O38: Berechenbar mittels Emissionsbilanz erneuerbarer Energieträger (Lauf et al. 2026)
A39: 01_10_02_004_01 | B39: Scope 1 | C39: Stationäre Verbrennung | D39: fossile Brennstoffe | E39: Gase | F39: Erdgas (Heizwert) | H39: kWh | I39: 0.20293791 | J39: 0.20239567 | K39: 1.08e-05 | L39: 9.0504e-07 | M39: 2024 | N39: 2025 | O39: Emissionsbilanz erneuerbarer Energieträger (Lauf et al. 2026)
A40: 01_10_02_004_05 | B40: Scope 1 | C40: Stationäre Verbrennung | D40: fossile Brennstoffe | E40: Gase | F40: Erdgas | H40: m³ | I40: 1.9832716 | J40: 1.9779724 | K40: 0.00010554624 | L40: 8.8447749e-06 | M40: 2024 | N40: 2025 | O40: Berechenbar mittels Emissionsbilanz erneuerbarer Energieträger (Lauf et al. 2026)
A41: 01_10_02_005_01 | B41: Scope 1 | C41: Stationäre Verbrennung | D41: fossile Brennstoffe | E41: Gase | F41: Erdgas (Brennwert) | H41: kWh | I41: 0.18325293 | J41: 0.18276329 | K41: 9.7524e-06 | L41: 8.1725112e-07 | M41: 2024 | N41: 2025 | O41: Berechenbar mittels Emissionsbilanz erneuerbarer Energieträger (Lauf et al. 2026)
A42: 01_10_02_006_01 | B42: Scope 1 | C42: Stationäre Verbrennung | D42: fossile Brennstoffe | E42: Steinkohle | F42: Kohle | H42: kWh | I42: 0.37588998 | J42: 0.35142012 | K42: 0.00048217032 | L42: 4.13928e-05 | M42: 2024 | N42: 2025 | O42: Emissionsbilanz erneuerbarer Energieträger (Lauf et al. 2026)
A43: 01_10_02_006_04 | B43: Scope 1 | C43: Stationäre Verbrennung | D43: fossile Brennstoffe | E43: Steinkohle | F43: Kohle | H43: t | I43: 2991.5622 | J43: 2796.8161 | K43: 3.8374061 | L43: 0.3294292 | M43: 2024 | N43: 2025 | O43: Berechenbar mittels Emissionsbilanz erneuerbarer Energieträger (Lauf et al. 2026)

Sheet 02_Mobile_Verbrennung
A1: 02 Mobile Verbrennung | C1: Scope | D1: 1
A3: Biogene und fossile Brennstoffe für den Einsatz in mobilen Geräten, nach Kraftstoffverbrauch sowie nach nach Strecke/Fahrzeug für Güterfahrzeuge und Personenfahrzeuge ohne Vorketten
A4: Anmerkungen: Bei der Bilanzierung einer Fahrt ist entweder der Ansatz über die Strecke und den Fahrzeugtyp oder über den Kraftstoffverbrauch zu wählen. Die Emissionsfaktoren für den Kraftstoffverbrauch sind "Tank-to-wheel-Werte".
A5: ID | B5: Scope | C5: Level 1 | D5: Level 2 | E5: Level 3 | F5: Level 4 | G5: Level 5 | H5: Level 6 | I5: Level 7 | J5: Level 8 | K5: Einheit | L5: kg CO2e | M5: kg CO2 | N5: kg CH4 | O5: kg N2O | P5: Bezugsjahr | Q5: Veröffentlichungsjahr | R5: Quelle | S5: Anmerkungen
A6: 02_10_01_001_01 | B6: Scope 1 | C6: Mobile Verbrennung | D6: nach Kraftstoffverbrauch | E6: Benzin/Ottokraftstoff | K6: kWh | L6: 0.26305029 | M6: 0.26203168 | N6: 2.5641935e-05 | O6: 1.1344932e-06 | P6: 2024 | Q6: 2025 | R6: TREMOD 6.71 Transport Emission Model | S6: 100 % fossiler Kraftstoff
A7: 02_10_01_001_02 | B7: Scope 1 | C7: Mobile Verbrennung | D7: nach Kraftstoffverbrauch | E7: Benzin/Ottokraftstoff | K7: l | L7: 2.3607964 | M7: 2.3516547 | N7: 0.00023012857 | O7: 1.0181732e-05 | P7: 2024 | Q7: 2025 | R7: TREMOD 6.71 Transport Emission Model | S7: 100 % fossiler Kraftstoff
A8: 02_10_01_001_04 | B8: Scope 1 | C8: Mobile Verbrennung | D8: nach Kraftstoffverbrauch | E8: Benzin/Ottokraftstoff | K8: t | L8: 3181.6663 | M8: 3169.3459 | N8: 0.31014633 | O8: 0.01372201 | P8: 2024 | Q8: 2025 | R8: TREMOD 6.71 Transport Emission Model | S8: 100 % fossiler Kraftstoff
A9: 02_10_01_002_01 | B9: Scope 1 | C9: Mobile Verbrennung | D9: nach Kraftstoffverbrauch | E9: Biodiesel | K9: kWh | L9: 0.017822742 | M9: 0.0140184 | N9: 6.7553461e-06 | O9: 1.3642236e-05 | P9: 2024 | Q9: 2025 | R9: TREMOD 6.71 Transport Emission Model
A10: 02_10_01_002_02 | B10: Scope 1 | C10: Mobile Verbrennung | D10: nach Kraftstoffverbrauch | E10: Biodiesel | K10: l | L10: 0.16206674 | M10: 0.12747289 | N10: 6.1428085e-05 | O10: 0.00012405233 | P10: 2024 | Q10: 2025 | R10: TREMOD 6.71 Transport Emission Model
A11: 02_10_01_002_04 | B11: Scope 1 | C11: Mobile Verbrennung | D11: nach Kraftstoffverbrauch | E11: Biodiesel | K11: t | L11: 184.37627 | M11: 145.02035 | N11: 0.069884056 | O11: 0.14112893 | P11: 2024 | Q11: 2025 | R11: TREMOD 6.71 Transport Emission Model
A12: 02_10_01_003_01 | B12: Scope 1 | C12: Mobile Verbrennung | D12: nach Kraftstoffverbrauch | E12: Bioethanol | K12: kWh | L12: 0.018202557 | M12: 0.017183942 | N12: 2.5641935e-05 | O12: 1.1344932e-06 | P12: 2024 | Q12: 2025 | R12: TREMOD 6.71 Transport Emission Model
A13: 02_10_01_003_02 | B13: Scope 1 | C13: Mobile Verbrennung | D13: nach Kraftstoffverbrauch | E13: Bioethanol | K13: l | L13: 0.10648405 | M13: 0.1005252 | N13: 0.00015000404 | O13: 6.6367285e-06 | P13: 2024 | Q13: 2025 | R13: TREMOD 6.71 Transport Emission Model
A14: 02_10_01_003_04 | B14: Scope 1 | C14: Mobile Verbrennung | D14: nach Kraftstoffverbrauch | E14: Bioethanol | K14: t | L14: 134.78994 | M14: 127.24709 | N14: 0.18987853 | O14: 0.0084009222 | P14: 2024 | Q14: 2025 | R14: TREMOD 6.71 Transport Emission Model
A15: 02_10_01_004_01 | B15: Scope 1 | C15: Mobile Verbrennung | D15: nach Kraftstoffverbrauch | E15: Biomethan | K15: kWh | L15: 0.0030455601 | N15: 0.0001066403 | O15: 2.2502534e-07 | P15: 2024 | Q15: 2025 | R15: TREMOD 6.71 Transport Emission Model
A16: 02_10_01_004_02 | B16: Scope 1 | C16: Mobile Verbrennung | D16: nach Kraftstoffverbrauch | E16: Biomethan | K16: l | L16: 0.028166355 | N16: 0.00098624503 | O16: 2.0811093e-06 | P16: 2024 | Q16: 2025 | R16: TREMOD 6.71 Transport Emission Model
A17: 02_10_01_004_04 | B17: Scope 1 | C17: Mobile Verbrennung | D17: nach Kraftstoffverbrauch | E17: Biomethan | K17: t | L17: 39.338484 | N17: 1.3774372 | O17: 0.0029065773 | P17: 2024 | Q17: 2025 | R17: TREMOD 6.71 Transport Emission Model
A18: 02_10_01_005_01 | B18: Scope 1 | C18: Mobile Verbrennung | D18: nach Kraftstoffverbrauch | E18: Dieselkraftstoff | K18: kWh | L18: 0.27029985 | M18: 0.26649551 | N18: 6.7553461e-06 | O18: 1.3642236e-05 | P18: 2024 | Q18: 2025 | R18: TREMOD 6.71 Transport Emission Model | S18: 100 % fossiler Kraftstoff
A19: 02_10_01_005_02 | B19: Scope 1 | C19: Mobile Verbrennung | D19: nach Kraftstoffverbrauch | E19: Dieselkraftstoff | K19: l | L19: 2.6769344 | M19: 2.6392578 | N19: 6.6902066e-05 | O19: 0.00013510688 | P19: 2024 | Q19: 2025 | R19: TREMOD 6.71 Transport Emission Model | S19: 100 % fossiler Kraftstoff
A20: 02_10_01_005_04 | B20: Scope 1 | C20: Mobile Verbrennung | D20: nach Kraftstoffverbrauch | E20: Dieselkraftstoff | K20: t | L20: 3217.4692 | M20: 3172.1849 | N20: 0.080411137 | O20: 0.16238808 | P20: 2024 | Q20: 2025 | R20: TREMOD 6.71 Transport Emission Model | S20: 100 % fossiler Kraftstoff
A21: 02_10_01_006_01 | B21: Scope 1 | C21: Mobile Verbrennung | D21: nach Kraftstoffverbrauch | E21: Erdgas (CNG) | K21: kWh | L21: 0.20425528 | M21: 0.20286692 | N21: 4.9584197e-05 | O21: 0 | P21: 2024 | Q21: 2025 | R21: TREMOD 6.71 Transport Emission Model
A22: 02_10_01_006_05 | B22: Scope 1 | C22: Mobile Verbrennung | D22: nach Kraftstoffverbrauch | E22: Erdgas (CNG) | K22: m³ | L22: 1.8890209 | M22: 1.8761809 | N22: 0.00045857118 | O22: 0 | P22: 2024 | Q22: 2025 | R22: TREMOD 6.71 Transport Emission Model
A23: 02_10_01_006_04 | B23: Scope 1 | C23: Mobile Verbrennung | D23: nach Kraftstoffverbrauch | E23: Erdgas (CNG) | K23: t | L23: 2638.2974 | M23: 2620.3644 | N23: 0.64046254 | O23: 0 | P23: 2024 | Q23: 2025 | R23: TREMOD 6.71 Transport Emission Model
A24: 02_10_01_007_01 | B24: Scope 1 | C24: Mobile Verbrennung | D24: nach Kraftstoffverbrauch | E24: Flugbenzin (AvGas) | K24: kWh | L24: 0.2610529 | M24: 0.25647476 | N24: 8.5208347e-05 | O24: 8.2728193e-06 | P24: 2024 | Q24: 2025 | R24: TREMOD 6.71 Transport Emission Model
A25: 02_10_01_007_02 | B25: Scope 1 | C25: Mobile Verbrennung | D25: nach Kraftstoffverbrauch | E25: Flugbenzin (AvGas) | K25: l | L25: 2.3414 | M25: 2.3004 | N25: 0.000764 | O25: 7.42e-05 | P25: 2024 | Q25: 2025 | R25: TREMOD 6.71 Transport Emission Model
A26: 02_10_01_007_04 | B26: Scope 1 | C26: Mobile Verbrennung | D26: nach Kraftstoffverbrauch | E26: Flugbenzin (AvGas) | K26: t | L26: 3155.5494 | M26: 3100.2099 | N26: 1.0299796 | O26: 0.1 | P26: 2024 | Q26: 2025 | R26: TREMOD 6.71 Transport Emission Model
A27: 02_10_01_008_01 | B27: Scope 1 | C27: Mobile Verbrennung | D27: nach Kraftstoffverbrauch | E27: Flüssigerdgas (LNG) | K27: kWh | L27: 0.20669241 | M27: 0.20286692 | N27: 0.00013662456 | O27: 0 | P27: 2024 | Q27: 2025 | R27: TREMOD 6.71 Transport Emission Model
A28: 02_10_01_008_05 | B28: Scope 1 | C28: Mobile Verbrennung | D28: nach Kraftstoffverbrauch | E28: Flüssigerdgas (LNG) | K28: m³ | L28: 1.9115603 | M28: 1.8761809 | N28: 0.0012635495 | O28: 0 | P28: 2024 | Q28: 2025 | R28: TREMOD 6.71 Transport Emission Model
A29: 02_10_01_008_04 | B29: Scope 1 | C29: Mobile Verbrennung | D29: nach Kraftstoffverbrauch | E29: Flüssigerdgas (LNG) | K29: t | L29: 2669.777 | M29: 2620.3644 | N29: 1.7647339 | O29: 0 | P29: 2024 | Q29: 2025 | R29: TREMOD 6.71 Transport Emission Model
A30: 02_10_01_009_01 | B30: Scope 1 | C30: Mobile Verbrennung | D30: nach Kraftstoffverbrauch | E30: Flüssiggas (LPG) | K30: kWh | L30: 0.23977541 | M30: 0.23880059 | N30: 6.8221481e-06 | O30: 2.9577318e-06 | P30: 2024 | Q30: 2025 | R30: TREMOD 6.71 Transport Emission Model
A31: 02_10_01_009_02 | B31: Scope 1 | C31: Mobile Verbrennung | D31: nach Kraftstoffverbrauch | E31: Flüssiggas (LPG) | K31: l | L31: 1.8621758 | M31: 1.854605 | N31: 5.2983076e-05 | O31: 2.2970731e-05 | P31: 2024 | Q31: 2025 | R31: TREMOD 6.71 Transport Emission Model
A32: 02_10_01_009_04 | B32: Scope 1 | C32: Mobile Verbrennung | D32: nach Kraftstoffverbrauch | E32: Flüssiggas (LPG) | K32: t | L32: 3103.6263 | M32: 3091.0083 | N32: 0.088305127 | O32: 0.038284552 | P32: 2024 | Q32: 2025 | R32: TREMOD 6.71 Transport Emission Model
... A37: 02_10_01_011_04 | B37: Scope 1 | C37: Mobile Verbrennung | D37: nach Kraftstoffverbrauch | E37: Schweröl (HFO) | K37: t | L37: 3183.4237 | M37: 3138.7204 | N37: 0.141985 | O37: 0.13809978 | P37: 2024 | Q37: 2025 | R37: Emissionsinventar/BSH-Modell EMMA, AGEB Energiebilanz
A38: 02_10_02_001_06 | B38: Scope 1 | C38: Mobile Verbrennung | D38: nach Strecke/Fahrzeug | E38: Güterfahrzeuge | F38: Leichtes Nutzfahrzeug (<3,5t) | G38: Benzinmotor | H38: Unbekannter Straßentyp/Durchschnitt | K38: km | L38: 0.22232291 | M38: 0.22099772 | N38: 3.0378526e-05 | O38: 1.790906e-06 | P38: 2024 | Q38: 2025 | R38: TREMOD 6.71B Transport Emission Model
A39: 02_10_02_002_06 | B39: Scope 1 | C39: Mobile Verbrennung | D39: nach Strecke/Fahrzeug | E39: Güterfahrzeuge | F39: Leichtes Nutzfahrzeug (<3,5t) | G39: Dieselmotor | H39: Unbekannter Straßentyp/Durchschnitt | K39: km | L39: 0.24926584 | M39: 0.24639779 | N39: 8.6866921e-06 | O39: 9.904971e-06 | P39: 2024 | Q39: 2025 | R39: TREMOD 6.71B Transport Emission Model
A40: 02_10_02_004_06 | B40: Scope 1 | C40: Mobile Verbrennung | D40: nach Strecke/Fahrzeug | E40: Güterfahrzeuge | F40: Leichtes Nutzfahrzeug (<3,5t) | G40: Unbekannter Antrieb/Durchschnitt | H40: Unbekannter Straßentyp/Durchschnitt | K40: km | L40: 0.24326306 | M40: 0.24052772 | N40: 9.7372611e-06 | O40: 9.2931967e-06 | P40: 2024 | Q40: 2025 | R40: TREMOD 6.71B Transport Emission Model
A41: 02_10_02_005_06 | B41: Scope 1 | C41: Mobile Verbrennung | D41: nach Strecke/Fahrzeug | E41: Güterfahrzeuge | F41: Schweres Nutzfahrzeug (>3,5t) | G41: Durchschnittliche Größe/unbekannt | H41: Unbekannter Straßentyp/Durchschnitt | I41: Durchschnittliche Beladung | J41: Ungekühlt | K41: km | L41: 0.70211993 | M41: 0.69049508 | N41: 5.6967613e-06 | O41: 4.3265451e-05 | P41: 2024 | Q41: 2025 | R41: TREMOD 6.71B Transport Emission Model
A42: 02_10_02_006_06 | B42: Scope 1 | C42: Mobile Verbrennung | D42: nach Strecke/Fahrzeug | E42: Güterfahrzeuge | F42: Schweres Nutzfahrzeug (>3,5t) | G42: Sattel/Lastzug (<28t), Diesel | H42: Unbekannter Straßentyp/Durchschnitt | I42: Durchschnittliche Beladung | J42: Ungekühlt | K42: km | L42: 0.57001169 | M42: 0.56192045 | N42: 1.4190422e-06 | O42: 3.0383051e-05 | P42: 2024 | Q42: 2025 | R42: TREMOD 6.71B Transport Emission Model
A43: 02_10_02_007_06 | B43: Scope 1 | C43: Mobile Verbrennung | D43: nach Strecke/Fahrzeug | E43: Güterfahrzeuge | F43: Schweres Nutzfahrzeug (>3,5t) | G43: Sattel/Lastzug (28-34t), Diesel | H43: Unbekannter Straßentyp/Durchschnitt | I43: Durchschnittliche Beladung | J43: Ungekühlt | K43: km | L43: 0.71836389 | M43: 0.70582685 | N43: 1.0823192e-06 | O43: 4.7195196e-05 | P43: 2024 | Q43: 2025 | R43: TREMOD 6.71B Transport Emission Model
A44: 02_10_02_009_06 | B44: Scope 1 | C44: Mobile Verbrennung | D44: nach Strecke/Fahrzeug | E44: Güterfahrzeuge | F44: Schweres Nutzfahrzeug (>3,5t) | G44: Sattel/Lastzug unbekannte Größe, CNG | H44: Unbekannter Straßentyp/Durchschnitt | I44: Durchschnittliche Beladung | J44: Ungekühlt | K44: km | L44: 0.10921737 | M44: 0.1052855 | N44: 0.00014042402 | O44: 0 | P44: 2024 | Q44: 2025 | R44: TREMOD 6.71B Transport Emission Model
A45: 02_10_02_010_06 | B45: Scope 1 | C45: Mobile Verbrennung | D45: nach Strecke/Fahrzeug | E45: Güterfahrzeuge | F45: Schweres Nutzfahrzeug (>3,5t) | G45: Sattel/Lastzug unbekannte Größe, LNG | H45: Unbekannter Straßentyp/Durchschnitt | I45: Durchschnittliche Beladung | J45: Ungekühlt | K45: km | L45: 0.10453534 | M45: 0.093500355 | N45: 0.0003941067 | O45: 0 | P45: 2024 | Q45: 2025 | R45: TREMOD 6.71B Transport Emission Model
A46: 02_10_02_011_06 | B46: Scope 1 | C46: Mobile Verbrennung | D46: nach Strecke/Fahrzeug | E46: Güterfahrzeuge | F46: Schweres Nutzfahrzeug (>3,5t) | G46: Sattel/Lastzug (34 - 40 t), Diesel | H46: Unbekannter Straßentyp/Durchschnitt | I46: Durchschnittliche Beladung | J46: Ungekühlt | K46: km | L46: 0.79029358 | M46: 0.77648256 | N46: 7.1154969e-07 | O46: 5.2041841e-05 | P46: 2024 | Q46: 2025 | R46: TREMOD 6.71B Transport Emission Model
A47: 02_10_02_012_06 | B47: Scope 1 | C47: Mobile Verbrennung | D47: nach Strecke/Fahrzeug | E47: Güterfahrzeuge | F47: Schweres Nutzfahrzeug (>3,5t) | G47: Solo-LKW < 7,5 t, Diesel | H47: Unbekannter Straßentyp/Durchschnitt | I47: Durchschnittliche Beladung | J47: Ungekühlt | K47: km | L47: 0.38989868 | M47: 0.38573392 | N47: 1.62e-06 | O47: 1.555e-05 | P47: 2024 | Q47: 2025 | R47: TREMOD 6.71B Transport Emission Model
A48: 02_10_02_059_06 | B48: Scope 1 | C48: Mobile Verbrennung | D48: nach Strecke/Fahrzeug | E48: Güterfahrzeuge | F48: Schweres Nutzfahrzeug (>3,5t) | G48: Solo-LKW < 7,5 t, CNG | H48: Unbekannter Straßentyp/Durchschnitt | I48: Durchschnittliche Beladung | J48: Ungekühlt | K48: km | L48: 0.0568059 | M48: 0.05430086 | N48: 8.947e-05 | O48: 0 | P48: 2024 | Q48: 2025 | R48: TREMOD 6.71B Transport Emission Model
A49: 02_10_02_014_06 | B49: Scope 1 | C49: Mobile Verbrennung | D49: nach Strecke/Fahrzeug | E49: Güterfahrzeuge | F49: Schweres Nutzfahrzeug (>3,5t) | G49: Solo-LKW 7,5 - 12 t, Diesel | H49: Unbekannter Straßentyp/Durchschnitt | I49: Durchschnittliche Beladung | J49: Ungekühlt | K49: km | L49: 0.44984037 | M49: 0.44544893 | N49: 1.04e-06 | O49: 1.646e-05 | P49: 2024 | Q49: 2025 | R49: TREMOD 6.71B Transport Emission Model
A50: 02_10_02_061_06 | B50: Scope 1 | C50: Mobile Verbrennung | D50: nach Strecke/Fahrzeug | E50: Güterfahrzeuge | F50: Schweres Nutzfahrzeug (>3,5t) | G50: Solo-LKW 7,5 - 12 t, CNG | H50: Unbekannter Straßentyp/Durchschnitt | I50: Durchschnittliche Beladung | J50: Ungekühlt | K50: km | L50: 0.0649825 | M50: 0.06259358 | N50: 8.532e-05 | O50: 0 | P50: 2024 | Q50: 2025 | R50: TREMOD 6.71B Transport Emission Model
A51: 02_10_02_063_06 | B51: Scope 1 | C51: Mobile Verbrennung | D51: nach Strecke/Fahrzeug | E51: Güterfahrzeuge | F51: Schweres Nutzfahrzeug (>3,5t) | G51: Solo-LKW > 12 t, CNG | H51: Unbekannter Straßentyp/Durchschnitt | I51: Durchschnittliche Beladung | J51: Ungekühlt | K51: km | L51: 0.08084413 | M51: 0.07795448 | N51: 0.0001032 | O51: 0 | P51: 2024 | Q51: 2025 | R51: TREMOD 6.71B Transport Emission Model
A52: 02_10_02_013_06 | B52: Scope 1 | C52: Mobile Verbrennung | D52: nach Strecke/Fahrzeug | E52: Güterfahrzeuge | F52: Schweres Nutzfahrzeug (>3,5t) | G52: Solo-LKW >12t | H52: Unbekannter Straßentyp/Durchschnitt | I52: Durchschnittliche Beladung | J52: Ungekühlt | K52: km | L52: 0.6929832 | M52: 0.6829949 | N52: 1.3e-06 | O52: 3.76e-05 | P52: 2023 | Q52: 2025 | R52: TREMOD 6.63A Transport Emission Model | S52: Aggregierter Wert von Solo-LKWs über 12 t. Mischung von Antriebsarten Diesel, CNG und Elektro. Für das Bezugsjahr 2024 liegen die Werte disaggregiert vor (verschiedene Gewichtsklassen & verschiedene Antriebsarten).
A53: 02_10_02_065_06 | B53: Scope 1 | C53: Mobile Verbrennung | D53: nach Strecke/Fahrzeug | E53: Güterfahrzeuge | F53: Schweres Nutzfahrzeug (>3,5t) | G53: Solo-LKW > 12 - 14 t, Diesel | H53: Unbekannter Straßentyp/Durchschnitt | I53: Durchschnittliche Beladung | J53: Ungekühlt | K53: km | L53: 0.4963386 | M53: 0.48759133 | N53: 1.14e-06 | O53: 3.289e-05 | P53: 2024 | Q53: 2025 | R53: TREMOD 6.71B Transport Emission Model
A54: 02_10_02_066_06 | B54: Scope 1 | C54: Mobile Verbrennung | D54: nach Strecke/Fahrzeug | E54: Güterfahrzeuge | F54: Schweres Nutzfahrzeug (>3,5t) | G54: Solo-LKW > 14 - 20 t, Diesel | H54: Unbekannter Straßentyp/Durchschnitt | I54: Durchschnittliche Beladung | J54: Ungekühlt | K54: km | L54: 0.56399748 | M54: 0.55524193 | N54: 9.1e-07 | O54: 3.294e-05 | P54: 2024 | Q54: 2025 | R54: TREMOD 6.71B Transport Emission Model
A55: 02_10_02_067_06 | B55: Scope 1 | C55: Mobile Verbrennung | D55: nach Strecke/Fahrzeug | E55: Güterfahrzeuge | F55: Schweres Nutzfahrzeug (>3,5t) | G55: Solo-LKW > 20 - 26 t, Diesel | H55: Unbekannter Straßentyp/Durchschnitt | I55: Durchschnittliche Beladung | J55: Ungekühlt | K55: km | L55: 0.67706296 | M55: 0.66815486 | N55: 8.6e-07 | O55: 3.353e-05 | P55: 2024 | Q55: 2025 | R55: TREMOD 6.71B Transport Emission Model
A56: 02_10_02_068_06 | B56: Scope 1 | C56: Mobile Verbrennung | D56: nach Strecke/Fahrzeug | E56: Güterfahrzeuge | F56: Schweres Nutzfahrzeug (>3,5t) | G56: Solo-LKW > 26 t, Diesel | H56: Unbekannter Straßentyp/Durchschnitt | I56: Durchschnittliche Beladung | J56: Ungekühlt | K56: km | L56: 0.81157371 | M56: 0.79947067 | N56: 9.6e-07 | O56: 4.557e-05 | P56: 2024 | Q56: 2025 | R56: TREMOD 6.71B Transport Emission Model
A57: 02_10_02_015_06 | B57: Scope 1 | C57: Mobile Verbrennung | D57: nach Strecke/Fahrzeug | E57: Personenfahrzeuge | F57: Pkw | G57: Benzinmotor | H57: Unbekannter Straßentyp/Durchschnitt | K57: km | L57: 0.17159463 | M57: 0.17109212 | N57: 1.1107347e-05 | O57: 7.2265711e-07 | P57: 2024 | Q57: 2025 | R57: TREMOD 6.71B Transport Emission Model
A58: 02_10_02_016_06 | B58: Scope 1 | C58: Mobile Verbrennung | D58: nach Strecke/Fahrzeug | E58: Personenfahrzeuge | F58: Pkw | G58: Dieselmotor | H58: Unbekannter Straßentyp/Durchschnitt | K58: km | L58: 0.18306678 | M58: 0.18036522 | N58: 9.3316159e-06 | O58: 9.2085883e-06 | P58: 2024 | Q58: 2025 | R58: TREMOD 6.71B Transport Emission Model
A59: 02_10_02_018_06 | B59: Scope 1 | C59: Mobile Verbrennung | D59: nach Strecke/Fahrzeug | E59: Personenfahrzeuge | F59: Pkw | G59: Plug-In-Hybrid, Benzin-Elektro | H59: Unbekannter Straßentyp/Durchschnitt | K59: km | L59: 0.08535164 | M59: 0.08522008 | N59: 2.86e-06 | O59: 1.9e-07 | P59: 2024 | Q59: 2025 | R59: TREMOD 6.71B Transport Emission Model
A60: 02_10_02_019_06 | B60: Scope 1 | C60: Mobile Verbrennung | D60: nach Strecke/Fahrzeug | E60: Personenfahrzeuge | F60: Pkw | G60: Unbekannter Antrieb/Durchschnitt | H60: Unbekannter Straßentyp/Durchschnitt | K60: km | L60: 0.16844312 | M60: 0.16707385 | N60: 9.8460134e-06 | O60: 4.1267389e-06 | P60: 2024 | Q60: 2025 | R60: TREMOD 6.71B Transport Emission Model
A61: 02_10_02_024_06 | B61: Scope 1 | C61: Mobile Verbrennung | D61: nach Strecke/Fahrzeug | E61: Personenfahrzeuge | F61: Zweirad | G61: Kleinkraftrad | K61: km | L61: 0.065657079 | M61: 0.054004406 | N61: 0.00040701039 | O61: 9.6747829e-07 | P61: 2024 | Q61: 2025 | R61: TREMOD 6.71B Transport Emission Model
A62: 02_10_02_025_06 | B62: Scope 1 | C62: Mobile Verbrennung | D62: nach Strecke/Fahrzeug | E62: Personenfahrzeuge | F62: Zweirad | G62: Motorrad | K62: km | L62: 0.12373785 | M62: 0.12176855 | N62: 5.1536908e-05 | O62: 1.9858919e-06 | P62: 2024 | Q62: 2025 | R62: TREMOD 6.71B Transport Emission Model
A63: 02_10_03_001_07 | B63: Scope 1 | C63: Mobile Verbrennung | D63: Mobile Geräte | E63: Aufsitzrasenmäher | F63: Ottomotor 4-Takter | G63: SN4(>225ccm) | K63: Gerät/a | L63: 280.80824 | M63: 277.39084 | N63: 0.070781295 | O63: 0.0054170949 | P63: 2024 | Q63: 2024 | R63: TREMOD-MM 5.71 (Transport-Emissionsmodell für Mobile Maschinen) (ifeu 2020)
A64: 02_10_03_001_08 | B64: Scope 1 | C64: Mobile Verbrennung | D64: Mobile Geräte | E64: Aufsitzrasenmäher | F64: Ottomotor 4-Takter | G64: SN4(>225ccm) | K64: h | L64: 6.0711979 | M64: 5.997312 | N64: 0.0015303228 | O64: 0.00011711998 | P64: 2024 | Q64: 2024 | R64: TREMOD-MM 5.71 (Transport-Emissionsmodell für Mobile Maschinen) (ifeu 2020)
A65: 02_10_03_002_07 | B65: Scope 1 | C65: Mobile Verbrennung | D65: Mobile Geräte | E65: Gabelstabler | F65: Diesel | G65: 18-36kW | K65: Gerät/a | L65: 4943.5833 | M65: 4891.153 | N65: 0.096048337 | O65: 0.18770157 | P65: 2024 | Q65: 2024 | R65: TREMOD-MM 5.71 (Transport-Emissionsmodell für Mobile Maschinen) (ifeu 2020)
A66: 02_10_03_002_08 | B66: Scope 1 | C66: Mobile Verbrennung | D66: Mobile Geräte | E66: Gabelstabler | F66: Diesel | G66: 18-36kW | K66: h | L66: 7.6049422 | M66: 7.5242863 | N66: 0.00014775559 | O66: 0.00028874998 | P66: 2024 | Q66: 2024 | R66: TREMOD-MM 5.71 (Transport-Emissionsmodell für Mobile Maschinen) (ifeu 2020)
A67: 02_10_03_003_07 | B67: Scope 1 | C67: Mobile Verbrennung | D67: Mobile Geräte | E67: Gabelstabler | F67: Diesel | G67: 37-55kW | K67: Gerät/a | L67: 8199.2882 | M67: 8113.7741 | N67: 0.084495703 | O67: 0.31376716 | P67: 2024 | Q67: 2024 | R67: TREMOD-MM 5.71 (Transport-Emissionsmodell für Mobile Maschinen) (ifeu 2020)
A68: 02_10_03_003_08 | B68: Scope 1 | C68: Mobile Verbrennung | D68: Mobile Geräte | E68: Gabelstabler | F68: Diesel | G68: 37-55kW | K68: h | L68: 12.621641 | M68: 12.490004 | N68: 0.00013006914 | O68: 0.00048300002 | P68: 2024 | Q68: 2024 | R68: TREMOD-MM 5.71 (Transport-Emissionsmodell für Mobile Maschinen) (ifeu 2020)
A69: 02_10_03_004_07 | B69: Scope 1 | C69: Mobile Verbrennung | D69: Mobile Geräte | E69: Gabelstabler | F69: Diesel | G69: 56-74kW | K69: Gerät/a | L69: 11586.565 | M69: 11467.387 | N69: 0.059382941 | O69: 0.44345448 | P69: 2024 | Q69: 2024 | R69: TREMOD-MM 5.71 (Transport-Emissionsmodell für Mobile Maschinen) (ifeu 2020)
A70: 02_10_03_004_08 | B70: Scope 1 | C70: Mobile Verbrennung | D70: Mobile Geräte | E70: Gabelstabler | F70: Diesel | G70: 56-74kW | K70: h | L70: 17.832345 | M70: 17.648924 | N70: 9.139353e-05 | O70: 0.00068250022 | P70: 2024 | Q70: 2024 | R70: TREMOD-MM 5.71 (Transport-Emissionsmodell für Mobile Maschinen) (ifeu 2020)
A71: 02_10_03_005_07 | B71: Scope 1 | C71: Mobile Verbrennung | D71: Mobile Geräte | E71: Gabelstabler | F71: Diesel | G71: 75-129kW | K71: Gerät/a | L71: 17930.706 | M71: 17743.282 | N71: 0.072459492 | O71: 0.69960306 | P71: 2024 | Q71: 2024 | R71: TREMOD-MM 5.71 (Transport-Emissionsmodell für Mobile Maschinen) (ifeu 2020)
A72: 02_10_03_005_08 | B72: Scope 1 | C72: Mobile Verbrennung | D72: Mobile Geräte | E72: Gabelstabler | F72: Diesel | G72: 75-129kW | K72: h | L72: 27.584106 | M72: 27.295779 | N72: 0.0001114697 | O72: 0.0010762502 | P72: 2024 | Q72: 2024 | R72: TREMOD-MM 5.71 (Transport-Emissionsmodell für Mobile Maschinen) (ifeu 2020)
... A94: 02_10_03_016_08 | B94: Scope 1 | C94: Mobile Verbrennung | D94: Mobile Geräte | E94: Rasenmäher | F94: Ottomotor 4-Takter | G94: SN3(100-225ccm) | K94: h | L94: 3.0383524 | M94: 2.9955966 | N94: 0.0010301164 | O94: 5.2500215e-05 | P94: 2024 | Q94: 2024 | R94: TREMOD-MM 5.71 (Transport-Emissionsmodell für Mobile Maschinen) (ifeu 2020)
A96: Emissionen von Kraftstoffgemischen
A97: Die Emissionsfaktoren für Diesel und Benzin beziehen sich auf 100 % fossilen Kraftstoff. Beimischungen von biogenen Kraftstoffen sind in dieser Liste nicht enthalten. Sie können mit Hilfe der Emissionsfaktoren für Biodiesel und Bioethanol berechnet werden (siehe Blätter 02_Mobile Verbrennung, 08_Dienstreisen_Arbeitswege_m.V., 10_Güter_Dienstleistungen sowie "Außerhalb der Scopes"). Im Falle von E5, E10 oder B7 regelt die Kraftstoffnormung nur die maximale Beimischung von Bioethanol bzw. Biodiesel (in Form von FAME). Für die Berechnung sollten diese Anteile keinesfalls überschritten werden.
A98: Die konkrete Beimischung der Kraftstoffe ist vermutlich nur dem Kraftstoffinverkehrbringer (z.B. Raffinerie, Zolllager, etc.) und nicht einmal dem Tankstellenbetreibenden bekannt und durch diesen auch nicht steuerbar.

Sheet 03_Industrieprozesse
A1: 03 Industrieprozesse | C1: Scope | D1: 1
A3: Emissionsfaktoren von Industrieprozessen
A4: Anmerkung: Die Angaben beziehen sich nur auf die direkten Emissionen von CO2 aus dem jeweiligen Industrieprozess. Die funktionelle Einheit (t) bezieht sich auf den Rohstoff (z.B. Verwendung von Soda) oder das Produkt.
A5: ID | B5: Scope | C5: Level 1 | D5: Level 2 | E5: Einheit | F5: kg CO2 | G5: Bezugsjahr | H5: Publikationsjahr | I5: Quelle | J5: Anmerkungen
A6: 03_10_01_001_04 | B6: Scope 1 | C6: Industrieprozesse | D6: Produktion von Zementklinker | E6: t | F6: 530 | G6: 2024 | H6: 2026 | I6: Tabellarische Aufstellung der abgeleiteten Emissionsfaktoren für CO2: Energie & Industrieprozesse (2026)
A7: 03_10_01_002_04 | B7: Scope 1 | C7: Industrieprozesse | D7: Produktion von Branntkalk | E7: t | F7: 746 | G7: 2024 | H7: 2026 | I7: Tabellarische Aufstellung der abgeleiteten Emissionsfaktoren für CO2: Energie & Industrieprozesse (2026)
A8: 03_10_01_003_04 | B8: Scope 1 | C8: Industrieprozesse | D8: Produktion von Dolomitkalk | E8: t | F8: 867 | G8: 2024 | H8: 2026 | I8: Tabellarische Aufstellung der abgeleiteten Emissionsfaktoren für CO2: Energie & Industrieprozesse (2026)
A9: 03_10_01_004_04 | B9: Scope 1 | C9: Industrieprozesse | D9: Produktion von Behälterglas | E9: t | F9: 193 | G9: 2024 | H9: 2026 | I9: Tabellarische Aufstellung der abgeleiteten Emissionsfaktoren für CO2: Energie & Industrieprozesse (2026)
A10: 03_10_01_005_04 | B10: Scope 1 | C10: Industrieprozesse | D10: Produktion von Flachglas | E10: t | F10: 208 | G10: 2024 | H10: 2026 | I10: Tabellarische Aufstellung der abgeleiteten Emissionsfaktoren für CO2: Energie & Industrieprozesse (2026)
A11: 03_10_01_006_04 | B11: Scope 1 | C11: Industrieprozesse | D11: Produktion von Wirtschaftsglas | E11: t | F11: 120 | G11: 2024 | H11: 2026 | I11: Tabellarische Aufstellung der abgeleiteten Emissionsfaktoren für CO2: Energie & Industrieprozesse (2026)
A12: 03_10_01_007_04 | B12: Scope 1 | C12: Industrieprozesse | D12: Produktion von Spezialglas | E12: t | F12: 113 | G12: 2024 | H12: 2026 | I12: Tabellarische Aufstellung der abgeleiteten Emissionsfaktoren für CO2: Energie & Industrieprozesse (2026)
A13: 03_10_01_008_04 | B13: Scope 1 | C13: Industrieprozesse | D13: Produktion von Glasfasern | E13: t | F13: 198 | G13: 2024 | H13: 2026 | I13: Tabellarische Aufstellung der abgeleiteten Emissionsfaktoren für CO2: Energie & Industrieprozesse (2026)
A14: 03_10_01_009_04 | B14: Scope 1 | C14: Industrieprozesse | D14: Produktion von Steinwolle | E14: t | F14: 299 | G14: 2024 | H14: 2026 | I14: Tabellarische Aufstellung der abgeleiteten Emissionsfaktoren für CO2: Energie & Industrieprozesse (2026)
A15: 03_10_01_010_04 | B15: Scope 1 | C15: Industrieprozesse | D15: Produktion von Glas | E15: t | F15: 114.19087 | G15: 2024 | H15: 2026 | I15: Tabellarische Aufstellung der abgeleiteten Emissionsfaktoren für CO2: Energie & Industrieprozesse (2026) | J15: über alle Glasarten: CO2-EF = (EM-Summe inkl. Altglaseinsatz)/ ARa
A16: 03_10_01_011_04 | B16: Scope 1 | C16: Industrieprozesse | D16: Produktion von Keramik | E16: t | F16: 48.687777 | G16: 2024 | H16: 2026 | I16: Tabellarische Aufstellung der abgeleiteten Emissionsfaktoren für CO2: Energie & Industrieprozesse (2026) | J16: über alle Produkte: CO2-EF = EM-Summe/ ARa
A17: 03_10_01_012_04 | B17: Scope 1 | C17: Industrieprozesse | D17: Verwendung von Soda | E17: t | F17: 415 | G17: 2024 | H17: 2026 | I17: Tabellarische Aufstellung der abgeleiteten Emissionsfaktoren für CO2: Energie & Industrieprozesse (2026)
A18: 03_10_01_013_04 | B18: Scope 1 | C18: Industrieprozesse | D18: Produktion von Ammoniak | E18: t | F18: 1353.99 | G18: 2024 | H18: 2026 | I18: Tabellarische Aufstellung der abgeleiteten Emissionsfaktoren für CO2: Energie & Industrieprozesse (2026) | J18: CO2-EF = (EM - Recovery amount)/ ARa
A19: 03_10_01_014_04 | B19: Scope 1 | C19: Industrieprozesse | D19: Petrochemie | E19: t | F19: 28 | G19: 2024 | H19: 2026 | I19: Tabellarische Aufstellung der abgeleiteten Emissionsfaktoren für CO2: Energie & Industrieprozesse (2026)
A20: 03_10_01_015_04 | B20: Scope 1 | C20: Industrieprozesse | D20: Produktion von Ruß | E20: t | F20: 1960 | G20: 2024 | H20: 2026 | I20: Tabellarische Aufstellung der abgeleiteten Emissionsfaktoren für CO2: Energie & Industrieprozesse (2026)
A21: 03_10_01_016_04 | B21: Scope 1 | C21: Industrieprozesse | D21: Produktion von Elektrostahl | E21: t | F21: 7.4 | G21: 2024 | H21: 2026 | I21: Tabellarische Aufstellung der abgeleiteten Emissionsfaktoren für CO2: Energie & Industrieprozesse (2026)
A22: 03_10_01_017_04 | B22: Scope 1 | C22: Industrieprozesse | D22: Produktion von Oxygenstahl, Kalksteineinsatz | E22: t | F22: 440 | G22: 2024 | H22: 2026 | I22: Tabellarische Aufstellung der abgeleiteten Emissionsfaktoren für CO2: Energie & Industrieprozesse (2026)
A23: 03_10_01_018_04 | B23: Scope 1 | C23: Industrieprozesse | D23: Produktion von Ferrolegierungen | E23: t | F23: 110 | G23: 2024 | H23: 2026 | I23: Tabellarische Aufstellung der abgeleiteten Emissionsfaktoren für CO2: Energie & Industrieprozesse (2026)
A24: 03_10_01_019_04 | B24: Scope 1 | C24: Industrieprozesse | D24: Produktion von Hüttenaluminium | E24: t | F24: 1367 | G24: 2024 | H24: 2026 | I24: Tabellarische Aufstellung der abgeleiteten Emissionsfaktoren für CO2: Energie & Industrieprozesse (2026)
A25: 03_10_01_020_04 | B25: Scope 1 | C25: Industrieprozesse | D25: Produktion raff. Blei | E25: t | F25: 220 | G25: 2024 | H25: 2026 | I25: Tabellarische Aufstellung der abgeleiteten Emissionsfaktoren für CO2: Energie & Industrieprozesse (2026)
A26: 03_10_01_021_04 | B26: Scope 1 | C26: Industrieprozesse | D26: Zinkproduktion: Hütten- und Umschmelzzink | E26: t | F26: 1720 | G26: 2024 | H26: 2026 | I26: Tabellarische Aufstellung der abgeleiteten Emissionsfaktoren für CO2: Energie & Industrieprozesse (2026)

Sheet 04_Kältemittel u.a.
A1: 04 Kältemittel u.a. | C1: Scope | D1: 1
A3: Treibhauspotentiale (Global Warming Potential, GWP) ausgewählter Verbindungen und deren Gemische gemäß Viertem (AR4) und Fünftem (AR5) IPCC Sachstandsbericht sowie Verordnung (EU) 2024/573 (F-Gas-VO) bezogen auf einen Zeitraum von 100 Jahren
A4: Quelle: UBA 2026, https://www.umweltbundesamt.de/sites/default/files/medien/10594/dokumente/2025-05_treibhauspotentiale_gwp_ar4_ar5_vo2024-573_homepage_deutsch.pdf
A5: Anmerkungen: Der Verlust von Kältemitteln in Kälte- und Klimaanlagen kann für die Anwendung in Scope 1 entweder anhand der Richtwerte dieses Blattes jährlich in Bilanzen berücksichtigt werden oder beim Nachfüllen anhand der eingesetzten Kältemittelmenge. Die hier aufgeführten Global Warming Potentials können bspw. in Verbindung mit den unter "Anwendungshilfe Kältemittel" prozentualen Verlustwerten für verschiedene Anlagentypen genutzt werden. Die Werte enthalten keine Emissionen aus Produktion, Transport, etc. sondern beziehen sich lediglich auf die direkte Treibhausgaswirkung der angegebenen Verbindungen/Stoffgemische
B6: Die Werte enthalten keine Emissionen aus Produktion, Transport, etc. sondern beziehen sich lediglich auf die direkte Treibhausgaswirkung der angegebenen Verbindungen/Stoffgemische.
A7: Es folgen 4 Tabellen mit GWPs für unterschiedliche Verbindungen. | B7: Gemäß F-Gas-VO beziehen sich die GWP-Werte von HFKW-Kältemitteln auf den 4. Sachstandsbericht (AR4) des IPCC.
B8: Die GWP-Werte anderer Treibhausgase beziehen sich gemäß F-Gas-VO auf den 6. Sachstandsbericht (AR6) des IPCC.
A10: Treibhauspotentiale (GWP100) teil(chlor)fluorierter und perfluorierter Kohlenwasserstoffe (HFKW, HFCKW und FKW) sowie anderer perfluorierter Verbindungen
A11: ID | B11: Industrielle Bezeichnung | C11: Chemische Bezeichnung | D11: Chemische Formel / Zusammensetzung | E11: GWP AR4 [1] [kg CO2e/kg] | F11: GWP (AR5) [3] [kg CO2e/kg] | G11: GWP F-Gas-VO [5] [kg CO2e/kg] | H11: Anmerkungen
A12: Teil(chlor) fluorierte Kohlenwasserstoffe (HFKW und HFCKW)
A13: 04_10_01_001_XX | B13: HFKW-23 | C13: Trifluormethan | D13: CHF3 | E13: 14800 | F13: 12400 | G13: 14800
A14: 04_10_01_002_XX | B14: HFKW-32 | C14: Difluormethan | D14: CH2F2 | E14: 675 | F14: 677 | G14: 675
A15: 04_10_01_003_XX | B15: HFKW-41 | C15: Fluormethan | D15: CH3F | E15: 92 | F15: 116 | G15: 92
A16: 04_10_01_004_XX | B16: HFKW-125 | C16: 1,1,1,2,2-Pentafluorethan | D16: CF3-CHF2 | E16: 3500 | F16: 3170 | G16: 3500
A17: 04_10_01_005_XX | B17: HFKW-134 | C17: 1,1,2,2-Tetrafluorethan | D17: CHF2-CHF2 | E17: 1100 | F17: 1120 | G17: 1100
A18: 04_10_01_006_XX | B18: HFKW-134a | C18: 1,1,1,2-Tetrafluorethan | D18: CF3-CH2F | E18: 1430 | F18: 1300 | G18: 1430
A19: 04_10_01_007_XX | B19: HFKW-143 | C19: 1,1,2-Trifluorethan | D19: CHF2-CH2F | E19: 353 | F19: 328 | G19: 353
A20: 04_10_01_008_XX | B20: HFKW-143a | C20: 1,1,1-Trifluorethan | D20: CF3-CH3 | E20: 4470 | F20: 4800 | G20: 4470
A21: 04_10_01_009_XX | B21: HFKW-152 | C21: 1,2-Difluorethan | D21: CH2F-CH2F | E21: 53 | F21: 16 | G21: 53
A22: 04_10_01_010_XX | B22: HFKW-152a | C22: 1,1-Difluorethan | D22: CHF2-CH3 | E22: 124 | F22: 138 | G22: 124
A23: 04_10_01_011_XX | B23: HFKW-161 | C23: Fluorethan | D23: CH2F-CH3 | E23: 12 | F23: 4 | G23: 12
A24: 04_10_01_012_XX | B24: HFKW-227ea | C24: 1,1,1,2,3,3,3-Heptafluorpropan | D24: CF3-CHF-CF3 | E24: 3220 | F24: 3350 | G24: 3220
... A31: 04_10_01_019_XX | B31: HFKW-43-10mee | C31: 1,1,1,2,2,3,4,5,5,5-Decafluorpentan | D31: CF3-CF2-CHF-CHF-CF3 | E31: 1640 | F31: 1650 | G31: 1640
A32: 04_10_01_020_XX | B32: HCKW-1130 (E) | C32: trans-1,2-Dichlorethen | D32: CHCl=CHCl | F32: 1
A33: 04_10_01_021_XX | B33: HFKW-1132 (E) | C33: trans-1,2-Difluorethen | D33: CHF=CHF | F33: 1 | G33: >1
A34: 04_10_01_022_XX | B34: HFKW-1132a | C34: 1,1-Difluorethen | D34: CH2=CF2 | F34: 1 | G34: 0.052
A35: 04_10_01_023_XX | B35: HFCKW-1224yd (Z) | C35: cis-1-Chlor-2,3,3,3-Tetrafluorprop-1-en | D35: CHCl=CF-CF3 (Z) | F35: 1 | G35: 0.06
A36: 04_10_01_024_XX | B36: HFCKW-1233xf | C36: 2-Chlor-3,3,3-Trifluorprop-1-en | D36: CH2=CCl-CF3 | G36: 1
A37: 04_10_01_025_XX | B37: HFCKW-1233zd (E) | C37: trans-1-Chlor-3,3,3-Trifluorprop-1-en | D37: CHCl=CH-CF3 (E) | E37: 4.5 | F37: 1 | G37: 2 | H37: AR4: [2]
A38: 04_10_01_026_XX | B38: HFKW-1234yf | C38: 2,3,3,3-Tetrafluorprop-1-en | D38: CH2=CF-CF3 | E38: 4 | F38: 1 | G38: 0.501 | H38: AR4: [2]
A39: 04_10_01_027_XX | B39: HFKW-1234ze (E) | C39: trans-1,3,3,3-Tetrafluorprop-1-en | D39: CHF=CH-CF3 (E) | E39: 7 | F39: 1 | G39: 1.37 | H39: AR4: [2]
A40: 04_10_01_028_XX | B40: HFKW-1336mzz (E) | C40: trans-1,1,1,4,4,4-Hexafluorbut-2-en | D40: CF3-CH=CH-CF3 (E) | G40: 17.9
A41: 04_10_01_029_XX | B41: HFKW-1336mzz (Z) | C41: cis-1,1,1,4,4,4-Hexafluorbut-2-en | D41: CF3-CH=CH-CF3 (Z) | E41: 9 | F41: 2 | G41: 2.08 | H41: AR4: [2]
A42: 04_10_01_030_XX | C42: 1,1,1,2,3,4,5,5,5-Nonafluor-4-trifluormethyl-pent-2-en | D42: CF3-CF=CF-CF(CF3)2 | G42: 1
A43: Perfluorierte Kohlenwasserstoffe (FKW)
A44: 04_10_02_001_XX | B44: FKW-14 | C44: Tetrafluormethan (Perfluormethan) | D44: CF4 | E44: 7390 | F44: 6630 | G44: 7380
A45: 04_10_02_002_XX | B45: FKW-116 | C45: Hexafluorethan (Perfluorethan) | D45: C2F6 | E45: 12200 | F45: 11100 | G45: 12400
A46: 04_10_02_003_XX | B46: FKW-c-216 | C46: Hexaafluorcyclopropan (Perfluorcyclopropan) | D46: c-C3F6 | E46: 17340 | F46: 9200 | G46: 9200
A47: 04_10_02_004_XX | B47: FKW-218 | C47: Oktafluorpropan (Perfluorpropan) | D47: C3F8 | E47: 8830 | F47: 8900 | G47: 9290
A48: 04_10_02_005_XX | B48: FKW-c-318 | C48: Octafluorcyclobutan (Perfluorcyclobutan) | D48: c-C4F8 | E48: 10300 | F48: 9540 | G48: 10200
A49: 04_10_02_006_XX | B49: FKW-3-1-10 | C49: Decafluorbutan (Perfluorbutan) | D49: C4F10 | E49: 8860 | F49: 9200 | G49: 10000
A50: 04_10_02_007_XX | B50: FKW-4-1-12 | C50: Dodecafluorpentan (Perfluorpentan) | D50: C5F12 | E50: 9160 | F50: 8550 | G50: 9220
A51: 04_10_02_008_XX | B51: FKW-4-1-14 | C51: Perfluor-2-methylpentan | D51: CF3-CF(CF3)-CF2-CF2-CF3 (i-C6F14) | G51: 7370
A52: 04_10_02_009_XX | B52: FKW-5-1-14 | C52: Tetradecafluorhexan (Perfluorhexan) | D52: C6F14 | E52: 9300 | F52: 7910 | G52: 8620
A53: 04_10_02_010_XX | B53: FKW-9-1-18 | C53: Octadecafluordecalin (Perfluordecalin) | D53: C10F18 | E53: 7500 | F53: 7190 | G53: 7480
A54: Andere perfluorierte Verbindungen
A55: 04_10_03_001_XX | C55: Schwefelhexafluorid | D55: SF6 | E55: 22800 | F55: 23500 | G55: 24300
A56: 04_10_03_002_XX | C56: Stickstofftrifluorid | D56: NF3 | E56: 17200 | F56: 16100 | G56: 17400
A57: 04_10_03_003_XX | C57: Trifluormethylschwefel­pentafluorid | D57: SF5CF3 | E57: 17700 | F57: 17400 | G57: 18500
A58: 04_10_03_004_XX | C58: Sulfuryldifluorid | D58: SO2F2 | F58: 4090 | G58: 4630
A59: 04_10_03_005_XX | B59: R-13I1 | C59: Trifluoriodmethan | D59: CF3I | E59: 0.4
A60: 04_10_03_006_XX | C60: Heptafluorisobutyronitril | D60: (CF3)2CF-CN (i-C3F7CN) | G60: 2750
A61: 04_10_03_007_XX | C61: Perfluor-N-methylmorpholin | D61: C5F11NO | G61: 8800
A62: 04_10_03_008_XX | C62: Perfluortripropylamin | D62: C9F21N | G62: 9030
A63: 04_10_03_009_XX | C63: Perfluortributylamin (PFTBA) | D63: C12F27N | G63: 8490
A65: Treibhauspotentiale (GWP100) (chlor)fluorierter Ether (HFE, HCFE), fluorierter Alkohole und Ketone und Perfluorpolyether (PFPE)
A66: ID | B66: Industrielle Bezeichnung | C66: Chemische Bezeichnung | D66: Chemische Formel / Zusammensetzung | E66: GWP AR4 [1] [kg CO2e/kg] | F66: GWP (AR5) [3] [kg CO2e/kg] | G66: GWP F-Gas-VO [5] [kg CO2e/kg]
A67: (Chlor)Fluorierte Ether (HFE und HCFE)
A68: 04_10_04_001_XX | B68: HFE-125 | D68: CHF2-O-CF3 | E68: 14900 | F68: 12400 | G68: 14300
A69: 04_10_04_002_XX | B69: HFE-134 (HG-00) | D69: CHF2-O-CHF2 | E69: 6320 | F69: 5560 | G69: 6630
A70: 04_10_04_003_XX | B70: HFE-143a | D70: CH3-O-CF3 | E70: 756 | F70: 523 | G70: 616
A71: 04_10_04_004_XX | B71: HFE-227ea | D71: CF3-CHF-O-CF3 | E71: 1540 | F71: 6450 | G71: 7520
A72: 04_10_04_005_XX | B72: HCFE-235ca2 (Enfluran) | D72: CHF2-O-CF2-CHFCl | F72: 583 | G72: 654
A73: 04_10_04_006_XX | B73: HCFE-235da2 (Isofluran) | D73: CHF2-O-CHCl-CF3 | E73: 350 | F73: 491 | G73: 539
A74: 04_10_04_007_XX | B74: HFE-236ca12 (HG-10) | D74: CHF2-O-CF2-O-CHF2 | E74: 2800 | F74: 5350 | G74: 6060
A75: 04_10_04_008_XX | B75: HFE-236ea2 (Desfluran) | D75: CHF2-O-CHF-CF3 | E75: 989 | F75: 1790 | G75: 2590
A76: 04_10_04_009_XX | B76: HFE-236fa | D76: CF3-CH2-O-CF3 | E76: 487 | F76: 979 | G76: 1100
A77: 04_10_04_010_XX | B77: HFE-245cb2 | D77: CF3-CF2-O-CH3 | E77: 708 | F77: 654 | G77: 747
A78: 04_10_04_011_XX | B78: HFE-245fa1 | D78: CHF2-CH2-O-CF3 | E78: 286 | F78: 828 | G78: 934
A79: 04_10_04_012_XX | B79: HFE-245fa2 | D79: CHF2-O-CH2-CF3 | E79: 659 | F79: 812 | G79: 878
A80: 04_10_04_013_XX | B80: HFE-254cb1 | D80: CH3-O-CF2-CHF2 | E80: 359 | F80: 301 | G80: 328
A81: 04_10_04_014_XX | B81: HFE-263mf | D81: CF3-CH2-O-CH3 | E81: 11 | F81: 1 | G81: 2.06
A82: 04_10_04_015_XX | B82: HFE-329mcc2 | D82: CF3-CF2-O-CF2-CHF2 | E82: 919 | F82: 3070 | G82: 3770
A83: 04_10_04_016_XX | B83: HFE-338mcf2 | D83: CF3-CH2-O-CF2-CF3 | E83: 552 | F83: 929 | G83: 1040
A84: 04_10_04_017_XX | B84: HFE-338mmz1 | D84: (CF3)2CH-O-CHF2 | E84: 380 | F84: 2620 | G84: 3040
... A88: 04_10_04_021_XX | B88: HFE-347mmy1 | D88: (CF3)2CF-O-CH3 | E88: 343 | F88: 363 | G88: 392
A89: 04_10_04_022_XX | B89: HFE-347mmz1 (Sevofluran) | D89: CH2F-O-CH(CF3)2 | F89: 216 | G89: 195
A90: 04_10_04_023_XX | B90: HFE-347pcf2 | D90: CHF2-CF2-O-CH2-CF3 | E90: 580 | F90: 889 | G90: 980
A91: 04_10_04_024_XX | B91: HFE-356mec3 | D91: CH3-O-CF2-CHF-CF3 | E91: 101 | F91: 387 | G91: 264
A92: 04_10_04_025_XX | B92: HFE-356mm1 | D92: (CF3)2CH-O-CH3 | E92: 27 | F92: 14 | G92: 8.13
A93: 04_10_04_026_XX | B93: HFE-356pcc3 | D93: CH3-O-CF2-CF2-CHF2 | E93: 110 | F93: 413 | G93: 277
A94: 04_10_04_027_XX | B94: HFE-356pcf2 | D94: CHF2-CH2-O-CF2-CHF2 | E94: 265 | F94: 719 | G94: 831
A95: 04_10_04_028_XX | B95: HFE-356pcf3 | D95: CHF2-O-CH2-CF2-CHF2 | E95: 502 | F95: 446 | G95: 484
A96: 04_10_04_029_XX | B96: HFE-365mcf3 | D96: CF3-CF2-CH2-O-CH3 | E96: 11 | F96: 1 | G96: 1.6
A97: 04_10_04_030_XX | B97: HFE-374pc2 | D97: CHF2-CF2-O-CH2-CH3 | E97: 557 | F97: 627 | G97: 12.5
A98: 04_10_04_031_XX | B98: HFE-449s1 (HFE-7100) | D98: C4F9-O-CH3 | E98: 297 | F98: 421 | G98: 460
A99: 04_10_04_032_XX | B99: HFE-569sf2 (HFE-7200) | D99: C4F9-O-C2H5 | E99: 59 | F99: 57 | G99: 60.7
A100: 04_10_04_033_XX | B100: HFE-43-10pccc124 (H-Galden 1040x) | D100: CHF2-O-CF2-O-C2F4-O-CHF2 | E100: 1870 | F100: 2820 | G100: 3220
A101: 04_10_04_034_XX | B101: n-HFE-7100 | D101: CF3-CF2-CF2-CF2-O-CH3 | G101: 544
A102: 04_10_04_035_XX | B102: i-HFE-7100 | D102: (CF3)2CF-CF2-O-CH3 | G102: 437
A103: 04_10_04_036_XX | B103: i-HFE-7200 | D103: (CF3)2CF-CF2-O-CH2-CH3 | G103: 34.3
A104: 04_10_04_037_XX | B104: HFE-7300 | D104: n-(CF3)2CF-CF(O-CH3)-C2F5 | G104: 405
A105: Fluorierte Alkohole und Ketone
A106: 04_10_05_001_XX | C106: 2,2,3,3,3-Pentafluorpropan-1-ol | D106: CF3-CF2-CH2-OH | E106: 42 | F106: 19 | G106: 34.3
A107: 04_10_05_002_XX | C107: Bis(trifluormethyl)methanol | D107: (CF3)2CH-OH | E107: 195 | F107: 182 | G107: 206
A108: 04_10_05_003_XX | C108: Octafluortetramethylen-hydroxymethyl-Gruppe | D108: -(CF2)4CH(OH)- | E108: 73 | F108: 13 | G108: 13.6
A109: 04_10_05_004_XX | C109: 1,1,1,3,4,4,4-Heptafluor-3-(trifluormethyl)butan-2-on | D109: CF3-C(O)-CF(CF3)2 | G109: 0.29
A110: 04_10_05_005_XX | C110: Perfluor(2-methyl-3-pentanon) | D110: CF3-CF2-C(O)-CF(CF3)2 | G110: 0.114
A111: Perfluorpolyether (PFPE)
A112: 04_10_06_001_XX | B112: PFPMIE | C112: Perfluorpolymethylisopropylether | D112: CF3(O-CF(CF3)CF2)n-(O-CF2)m-O-CF3 (n,m=1) | E112: 10300 | F112: 9710 | G112: 10300
...

Sheet 05_Strom
A1: Strom | C1: Scope | D1: 2 und 3
A3: Strombezug in Deutschland
A4: Anmerkung: Die Werte zum Strommix Deutschlands sollten gemäß GHG-Protocol für die ortsbasierte Berechnung der THG-Emissionen aus dem Bezug von Strom verwendet werden.
A5: ID | B5: Scope | C5: Level 1 | D5: Level 2 | E5: Einheit | F5: kg CO2e | G5: kg CO2 | H5: kg CH4 | I5: kg N2O | J5: Bezugsjahr | K5: Veröffentlichungsjahr | L5: Quelle | M5: Anmerkungen
A6: 05_20_01_001_01 | B6: Scope 2 | C6: Strom | D6: Deutscher Strommix | E6: kWh | F6: 0.3715845 | G6: 0.36338669 | H6: 0.00019444804 | I6: 1.0389679e-05 | J6: 2024 | K6: 2025 | L6: Emissionsbilanz erneuerbarer Energieträger (Lauf et al. 2026) | M6: Inklusive ~5% Übertragungsnetzverluste.
A7: 05_31_01_001_01 | B7: Scope 3 - Vorkette | C7: Strom | D7: Deutscher Strommix | E7: kWh | F7: 0.0553279 | G7: 0.032628829 | H7: 0.00065216451 | I7: 1.6748922e-05 | J7: 2024 | K7: 2025 | L7: Emissionsbilanz erneuerbarer Energieträger (Lauf et al. 2026) | M7: Inklusive ~5% Übertragungsnetzverluste.
A8: 05_32_01_001_01 | B8: Scope 3 - Gesamt | C8: Strom | D8: Deutscher Strommix | E8: kWh | F8: 0.4269124 | G8: 0.39601552 | H8: 0.00084661255 | I8: 2.7138602e-05 | J8: 2024 | K8: 2025 | L8: Emissionsbilanz erneuerbarer Energieträger (Lauf et al. 2026) | M8: Inklusive ~5% Übertragungsnetzverluste.
A10: Strom aus erneuerbaren Energieträgern
A11: Anmerkung: Biogene CO2-Emissionen aus der Verbrennung von Biomasse sind bei den entsprechenden Energieträgern nicht berücksichtigt.
A12: ID | B12: Scope | C12: Level 1 | D12: Level 2 | E12: Einheit | F12: kg CO2e | G12: kg CO2 | H12: kg CH4 | I12: kg N2O | J12: Bezugsjahr | K12: Veröffentlichungsjahr | L12: Quelle | M12: Anmerkungen
A13: 05_20_02_001_01 | B13: Scope 2 | C13: Strom | D13: Wasserkraft | E13: kWh | F13: 0 | G13: 0 | H13: 0 | I13: 0 | J13: 2024 | K13: 2025 | L13: Emissionsbilanz erneuerbarer Energieträger (Lauf et al. 2026)
A14: 05_31_02_001_01 | B14: Scope 3 - Vorkette | C14: Strom | D14: Wasserkraft | E14: kWh | F14: 0.003975047 | G14: 0.0032856108 | H14: 2.36229e-05 | I14: 1.0564141e-07 | J14: 2024 | K14: 2025 | L14: Emissionsbilanz erneuerbarer Energieträger (Lauf et al. 2026)
A15: 05_32_02_001_01 | B15: Scope 3 - Gesamt | C15: Strom | D15: Wasserkraft | E15: kWh | F15: 0.003975047 | G15: 0.0032856108 | H15: 2.36229e-05 | I15: 1.0564141e-07 | J15: 2024 | K15: 2025 | L15: Emissionsbilanz erneuerbarer Energieträger (Lauf et al. 2026)
A16: 05_20_02_002_01 | B16: Scope 2 | C16: Strom | D16: Windenergie onshore | E16: kWh | F16: 0 | G16: 0 | H16: 0 | I16: 0 | J16: 2024 | K16: 2025 | L16: Emissionsbilanz erneuerbarer Energieträger (Lauf et al. 2026)
A17: 05_31_02_002_01 | B17: Scope 3 - Vorkette | C17: Strom | D17: Windenergie onshore | E17: kWh | F17: 0.017579083 | G17: 0.017040631 | H17: 3.1273225e-05 | I17: 5.4277203e-08 | J17: 2024 | K17: 2025 | L17: Emissionsbilanz erneuerbarer Energieträger (Lauf et al. 2026)
A18: 05_32_02_002_01 | B18: Scope 3 - Gesamt | C18: Strom | D18: Windenergie onshore | E18: kWh | F18: 0.017579083 | G18: 0.017040631 | H18: 3.1273225e-05 | I18: 5.4277203e-08 | J18: 2024 | K18: 2025 | L18: Emissionsbilanz erneuerbarer Energieträger (Lauf et al. 2026)
A19: 05_20_02_003_01 | B19: Scope 2 | C19: Strom | D19: Windenergie offshore | E19: kWh | F19: 0 | G19: 0 | H19: 0 | I19: 0 | J19: 2024 | K19: 2025 | L19: Emissionsbilanz erneuerbarer Energieträger (Lauf et al. 2026)
A20: 05_31_02_003_01 | B20: Scope 3 - Vorkette | C20: Strom | D20: Windenergie offshore | E20: kWh | F20: 0.0096066033 | G20: 0.0091798255 | H20: 2.0131613e-05 | I20: 2.7138602e-08 | J20: 2024 | K20: 2025 | L20: Emissionsbilanz erneuerbarer Energieträger (Lauf et al. 2026)
A21: 05_32_02_003_01 | B21: Scope 3 - Gesamt | C21: Strom | D21: Windenergie offshore | E21: kWh | F21: 0.0096066033 | G21: 0.0091798255 | H21: 2.0131613e-05 | I21: 2.7138602e-08 | J21: 2024 | K21: 2025 | L21: Emissionsbilanz erneuerbarer Energieträger (Lauf et al. 2026)
A22: 05_20_02_004_01 | B22: Scope 2 | C22: Strom | D22: Photovoltaik | E22: kWh | F22: 0 | G22: 0 | H22: 0 | I22: 0 | J22: 2024 | K22: 2025 | L22: Emissionsbilanz erneuerbarer Energieträger (Lauf et al. 2026)
A23: 05_31_02_004_01 | B23: Scope 3 - Vorkette | C23: Strom | D23: Photovoltaik | E23: kWh | F23: 0.056492021 | G23: 0.05225666 | H23: 0.00013562661 | I23: 1.6521386e-06 | J23: 2024 | K23: 2025 | L23: Emissionsbilanz erneuerbarer Energieträger (Lauf et al. 2026)
A24: 05_32_02_004_01 | B24: Scope 3 - Gesamt | C24: Strom | D24: Photovoltaik | E24: kWh | F24: 0.056492021 | G24: 0.05225666 | H24: 0.00013562661 | I24: 1.6521386e-06 | J24: 2024 | K24: 2025 | L24: Emissionsbilanz erneuerbarer Energieträger (Lauf et al. 2026)
... A48: 05_32_02_012_01 | B48: Scope 3 - Gesamt | C48: Strom | D48: Tiefengeothermie | E48: kWh | F48: 0.14366893 | G48: 0.13341842 | H48: 0.00028265701 | I48: 8.8155225e-06 | J48: 2024 | K48: 2025 | L48: Emissionsbilanz erneuerbarer Energieträger (Lauf et al. 2026)
A50: Strom aus fossilen Energieträgern
A51: ID | B51: Scope | C51: Level 1 | D51: Level 2 | E51: Einheit | F51: kg CO2e | G51: kg CO2 | H51: kg CH4 | I51: kg N2O | J51: Bezugsjahr | K51: Veröffentlichungsjahr | L51: Quelle | M51: Anmerkungen
A52: 05_20_03_001_01 | B52: Scope 2 | C52: Strom | D52: Rohbraunkohlen | E52: kWh | F52: 1.0022244 | G52: 0.99366289 | H52: 5.7465666e-06 | I52: 3.1700452e-05 | J52: 2024 | K52: 2025 | L52: Emissionsbilanz erneuerbarer Energieträger (Lauf et al. 2026)
A53: 05_31_03_001_01 | B53: Scope 3 - Vorkette | C53: Strom | D53: Rohbraunkohlen | E53: kWh | F53: 0.026853045 | G53: 0.026204409 | H53: 1.645152e-05 | I53: 7.0941116e-07 | J53: 2024 | K53: 2025 | L53: Emissionsbilanz erneuerbarer Energieträger (Lauf et al. 2026)
A54: 05_32_03_001_01 | B54: Scope 3 - Gesamt | C54: Strom | D54: Rohbraunkohlen | E54: kWh | F54: 1.0290775 | G54: 1.0198673 | H54: 2.2198086e-05 | I54: 3.2409863e-05 | J54: 2024 | K54: 2025 | L54: Emissionsbilanz erneuerbarer Energieträger (Lauf et al. 2026)
A55: 05_20_03_002_01 | B55: Scope 2 | C55: Strom | D55: Steinkohlenkohlen | E55: kWh | F55: 0.78034728 | G55: 0.77748899 | H55: 8.260951e-06 | I55: 9.9131412e-06 | J55: 2024 | K55: 2025 | L55: Emissionsbilanz erneuerbarer Energieträger (Lauf et al. 2026)
A56: 05_31_03_002_01 | B56: Scope 3 - Vorkette | C56: Strom | D56: Steinkohlenkohlen | E56: kWh | F56: 0.097410008 | G56: 0.038408839 | H56: 0.0020929885 | I56: 1.4999692e-06 | J56: 2024 | K56: 2025 | L56: Emissionsbilanz erneuerbarer Energieträger (Lauf et al. 2026)
A57: 05_32_03_002_01 | B57: Scope 3 - Gesamt | C57: Strom | D57: Steinkohlenkohlen | E57: kWh | F57: 0.87775728 | G57: 0.81589783 | H57: 0.0021012494 | I57: 1.141311e-05 | J57: 2024 | K57: 2025 | L57: Emissionsbilanz erneuerbarer Energieträger (Lauf et al. 2026)
A58: 05_20_03_003_01 | B58: Scope 2 | C58: Strom | D58: Erdgas | E58: kWh | F58: 0.37513246 | G58: 0.35829671 | H58: 0.00052173215 | I58: 8.4047283e-06 | J58: 2024 | K58: 2025 | L58: Emissionsbilanz erneuerbarer Energieträger (Lauf et al. 2026)
A59: 05_31_03_003_01 | B59: Scope 3 - Vorkette | C59: Strom | D59: Erdgas | E59: kWh | F59: 0.062613474 | G59: 0.034191235 | H59: 0.0010081908 | I59: 7.2791587e-07 | J59: 2024 | K59: 2025 | L59: Emissionsbilanz erneuerbarer Energieträger (Lauf et al. 2026)
A60: 05_32_03_003_01 | B60: Scope 3 - Gesamt | C60: Strom | D60: Erdgas | E60: kWh | F60: 0.43774593 | G60: 0.39248794 | H60: 0.0015299229 | I60: 9.1326442e-06 | J60: 2024 | K60: 2025 | L60: Emissionsbilanz erneuerbarer Energieträger (Lauf et al. 2026)
A61: 05_20_03_004_01 | B61: Scope 2 | C61: Strom | D61: Heizöl leicht | E61: kWh | F61: 0.70237545 | G61: 0.69634609 | H61: 6.0833751e-05 | I61: 1.6324563e-05 | J61: 2024 | K61: 2025 | L61: Emissionsbilanz erneuerbarer Energieträger (Lauf et al. 2026)
A62: 05_31_03_004_01 | B62: Scope 3 - Vorkette | C62: Strom | D62: Heizöl leicht | E62: kWh | F62: 0.11478191 | G62: 0.1083088 | H62: 0.00020228301 | I62: 3.0535306e-06 | J62: 2024 | K62: 2025 | L62: Emissionsbilanz erneuerbarer Energieträger (Lauf et al. 2026)
A63: 05_32_03_004_01 | B63: Scope 3 - Gesamt | C63: Strom | D63: Heizöl leicht | E63: kWh | F63: 0.81715735 | G63: 0.80465489 | H63: 0.00026311676 | I63: 1.9378093e-05 | J63: 2024 | K63: 2025 | L63: Emissionsbilanz erneuerbarer Energieträger (Lauf et al. 2026)
A65: Weitere Energieträger
A66: ID | B66: Scope | C66: Level 1 | D66: Level 2 | E66: Einheit | F66: kg CO2e | G66: kg CO2 | H66: kg CH4 | I66: kg N2O | J66: Bezugsjahr | K66: Veröffentlichungsjahr | L66: Quelle | M66: Anmerkungen
A67: 05_20_04_001_01 | B67: Scope 2 | C67: Strom | D67: Kernenergie | E67: kWh | F67: 0 | G67: 0 | H67: 0 | I67: 0 | J67: 2024 | K67: 2025 | L67: Emissionsbilanz erneuerbarer Energieträger (Lauf et al. 2026)
A68: 05_31_04_001_01 | B68: Scope 3 - Vorkette | C68: Strom | D68: Kernenergie | E68: kWh | F68: 0.055349373 | G68: 0.052705179 | H68: 7.2433333e-05 | I68: 2.3247576e-06 | J68: 2024 | K68: 2025 | L68: Emissionsbilanz erneuerbarer Energieträger (Lauf et al. 2026)
A69: 05_32_04_001_01 | B69: Scope 3 - Gesamt | C69: Strom | D69: Kernenergie | E69: kWh | F69: 0.055349373 | G69: 0.052705179 | H69: 7.2433333e-05 | I69: 2.3247576e-06 | J69: 2024 | K69: 2025 | L69: Emissionsbilanz erneuerbarer Energieträger (Lauf et al. 2026)

Sheet 06_Wärme
A1: 06 Wärme | C1: Scope | D1: 2 und 3
A3: Fernwärmebezug differenziert nach hauptsächlich verwendeter Bezugsquelle
A4: Anmerkungen: Wärmenetze werden lokal betrieben und sehr unterschiedlich versorgt. Seit Anfang 2024 sind Fernwärmenetzbetreiber/-anbieter verpflichtet Emissionsfaktoren für die gelieferte Fernwärme bereitzustellen. Diese können bei Bedarf beim jeweiligen Fernwärmenetzbetreiber/-anbieter erfragt werden.
A5: ID | B5: Scope | C5: Level 1 | D5: Level 2 | E5: Level 3 | F5: Einheit | G5: kg CO2e | H5: kg CO2 | I5: kg CH4 | J5: kg N2O | K5: Bezugsjahr | L5: Veröffentlichungsjahr | M5: Quelle | N5: Anmerkungen
A6: 06_32_01_001_01 | B6: Scope 3 - Gesamt | C6: Wärme | D6: Fernwärme aus überwiegend Abfall KWK | F6: kWh | G6: 0.13 | K6: 2023 | L6: 2025 | M6: BISKO Bilanzierungs-Systematik Kommunal – Empfehlungen zur Methodik der kommunalen Treibhausgasbilanzierung für den Energie- und Verkehrssektor in Deutschland 2025 | N6: Eine Differenzierung der angegebenen BISKO-basierten Werte in unterschiedliche Treibhausgase sowie Vorketten und direkten Emissionen ist für uns leider nicht möglich.
A7: 06_32_01_002_01 | B7: Scope 3 - Gesamt | C7: Wärme | D7: Fernwärme aus überwiegend Biogas KWK | F7: kWh | G7: 0.08 | K7: 2023 | L7: 2025 | M7: BISKO Bilanzierungs-Systematik Kommunal – Empfehlungen zur Methodik der kommunalen Treibhausgasbilanzierung für den Energie- und Verkehrssektor in Deutschland 2025 | N7: Eine Differenzierung der angegebenen BISKO-basierten Werte in unterschiedliche Treibhausgase sowie Vorketten und direkten Emissionen ist für uns leider nicht möglich.
A8: 06_32_01_003_01 | B8: Scope 3 - Gesamt | C8: Wärme | D8: Fernwärme aus überwiegend Biomasse HW (Heizwerk) | F8: kWh | G8: 0.03 | K8: 2023 | L8: 2025 | M8: BISKO Bilanzierungs-Systematik Kommunal – Empfehlungen zur Methodik der kommunalen Treibhausgasbilanzierung für den Energie- und Verkehrssektor in Deutschland 2025 | N8: Eine Differenzierung der angegebenen BISKO-basierten Werte in unterschiedliche Treibhausgase sowie Vorketten und direkten Emissionen ist für uns leider nicht möglich.
A9: 06_32_01_004_01 | B9: Scope 3 - Gesamt | C9: Wärme | D9: Fernwärme aus überwiegend Biomasse KWK | F9: kWh | G9: 0.02 | K9: 2023 | L9: 2025 | M9: BISKO Bilanzierungs-Systematik Kommunal – Empfehlungen zur Methodik der kommunalen Treibhausgasbilanzierung für den Energie- und Verkehrssektor in Deutschland 2025 | N9: Eine Differenzierung der angegebenen BISKO-basierten Werte in unterschiedliche Treibhausgase sowie Vorketten und direkten Emissionen ist für uns leider nicht möglich.
A10: 06_32_01_005_01 | B10: Scope 3 - Gesamt | C10: Wärme | D10: Fernwärme aus überwiegend Erdgas (GuD-Kraftwerk) | F10: kWh | G10: 0.15 | K10: 2023 | L10: 2025 | M10: BISKO Bilanzierungs-Systematik Kommunal – Empfehlungen zur Methodik der kommunalen Treibhausgasbilanzierung für den Energie- und Verkehrssektor in Deutschland 2025 | N10: Eine Differenzierung der angegebenen BISKO-basierten Werte in unterschiedliche Treibhausgase sowie Vorketten und direkten Emissionen ist für uns leider nicht möglich.
A11: 06_32_01_006_01 | B11: Scope 3 - Gesamt | C11: Wärme | D11: Fernwärme aus überwiegend Erdgas BHKW | F11: kWh | G11: 0.16 | K11: 2023 | L11: 2025 | M11: BISKO Bilanzierungs-Systematik Kommunal – Empfehlungen zur Methodik der kommunalen Treibhausgasbilanzierung für den Energie- und Verkehrssektor in Deutschland 2025 | N11: Eine Differenzierung der angegebenen BISKO-basierten Werte in unterschiedliche Treibhausgase sowie Vorketten und direkten Emissionen ist für uns leider nicht möglich.
A12: 06_32_01_007_01 | B12: Scope 3 - Gesamt | C12: Wärme | D12: Fernwärme aus überwiegend Kohle KWK | F12: kWh | G12: 0.26 | K12: 2023 | L12: 2025 | M12: BISKO Bilanzierungs-Systematik Kommunal – Empfehlungen zur Methodik der kommunalen Treibhausgasbilanzierung für den Energie- und Verkehrssektor in Deutschland 2025 | N12: Eine Differenzierung der angegebenen BISKO-basierten Werte in unterschiedliche Treibhausgase sowie Vorketten und direkten Emissionen ist für uns leider nicht möglich.
A13: 06_20_01_008_01 | B13: Scope 2 | C13: Wärme | D13: fossiler Fernwärme-Mix | F13: kWh | G13: 0.26598299 | H13: 0.26253549 | I13: 7.4158287e-05 | J13: 5.173824e-06 | K13: 2024 | L13: 2025 | M13: Emissionsbilanz erneuerbarer Energieträger (Lauf et al. 2026)
A14: 06_31_01_008_01 | B14: Scope 3 - Vorkette | C14: Wärme | D14: fossiler Fernwärme-Mix | F14: kWh | G14: 0.091071529 | H14: 0.065010642 | I14: 0.00091590671 | J14: 1.5679204e-06 | K14: 2024 | L14: 2025 | M14: Berechenbar mittels Emissionsbilanz erneuerbarer Energieträger (Lauf et al. 2026) | N14: inkl. Netzverluste von 12,5% bezogen auf den Gesamtwert
A15: 06_32_01_008_01 | B15: Scope 3 - Gesamt | C15: Wärme | D15: fossiler Fernwärme-Mix | F15: kWh | G15: 0.35705452 | H15: 0.32754614 | I15: 0.000990065 | J15: 6.7417444e-06 | K15: 2024 | L15: 2025 | M15: Berechenbar mittels Emissionsbilanz erneuerbarer Energieträger (Lauf et al. 2026) | N15: Inkl. Netzverluste von 12,5% bezogen auf den Gesamtwert.
A16: 06_20_01_009_01 | B16: Scope 2 | C16: Wärme | D16: feste Biomasse Fernwärme | F16: kWh | G16: 0.0039508174 | H16: 0 | I16: 3.8054406e-05 | J16: 1.0887902e-05 | K16: 2024 | L16: 2025 | M16: Emissionsbilanz erneuerbarer Energieträger (Lauf et al. 2026) | N16: Ohne Berücksichtigung von biogenen CO2-Emissionen. Einen Emissionsfaktor für die Berücksichtigung von biogenen CO2-Emissionen "außerhalb der Scopes" können wir aktuell nicht zur Verfügung stellen.
A17: 06_31_01_009_01 | B17: Scope 3 - Vorkette | C17: Wärme | D17: feste Biomasse Fernwärme | F17: kWh | G17: 0.019846151 | H17: 0.018249589 | I17: 3.6961542e-05 | J17: 2.1193941e-06 | K17: 2024 | L17: 2025 | M17: Berechenbar mittels Emissionsbilanz erneuerbarer Energieträger (Lauf et al. 2026) | N17: Inkl. Netzverluste von 12,5% bezogen auf den Gesamtwert. Ohne Berücksichtigung von biogenen CO2-Emissionen. Einen Emissionsfaktor für die Berücksichtigung von biogenen CO2-Emissionen "außerhalb der Scopes" können wir aktuell nicht zur Verfügung stellen.
A18: 06_32_01_009_01 | B18: Scope 3 - Gesamt | C18: Wärme | D18: feste Biomasse Fernwärme | F18: kWh | G18: 0.023796969 | H18: 0.018249589 | I18: 7.5015947e-05 | J18: 1.3007296e-05 | K18: 2024 | L18: 2025 | M18: Berechenbar mittels Emissionsbilanz erneuerbarer Energieträger (Lauf et al. 2026) | N18: Inkl. Netzverluste von 12,5% bezogen auf den Gesamtwert. Ohne Berücksichtigung von biogenen CO2-Emissionen. Einen Emissionsfaktor für die Berücksichtigung von biogenen CO2-Emissionen "außerhalb der Scopes" können wir aktuell nicht zur Verfügung stellen.
A20: Weitere Wärmequellen
A21: ID | B21: Scope | C21: Level 1 | D21: Level 2 | E21: Level 3 | F21: Einheit | G21: kg CO2e | H21: kg CO2 | I21: kg CH4 | J21: kg N2O | K21: Bezugsjahr | L21: Veröffentlichungsjahr | M21: Quelle | N21: Anmerkungen
A22: 06_20_02_001_01 | B22: Scope 2 | C22: Wärme | D22: Solarthermie | E22: Flachkollektor | F22: kWh | G22: 0 | H22: 0 | I22: 0 | J22: 0 | K22: 2024 | L22: 2025 | M22: Emissionsbilanz erneuerbarer Energieträger (Lauf et al. 2026) | N22: Die Strombereitstellung für den Betrieb wird über Scope 2 abgedeckt.
A23: 06_31_02_001_01 | B23: Scope 3 - Vorkette | C23: Wärme | D23: Solarthermie | E23: Flachkollektor | F23: kWh | G23: 0.010725082 | H23: 0.0098037606 | I23: 3.02e-05 | J23: 2.8574e-07 | K23: 2024 | L23: 2025 | M23: Emissionsbilanz erneuerbarer Energieträger (Lauf et al. 2026) | N23: Hier ohne "Hilfsenergie", da die Strombereitstellung über Scope 2 abgedeckt ist
A24: 06_32_02_001_01 | B24: Scope 3 - Gesamt | C24: Wärme | D24: Solarthermie | E24: Flachkollektor | F24: kWh | G24: 0.010725082 | H24: 0.0098037606 | I24: 3.02e-05 | J24: 2.8574e-07 | K24: 2024 | L24: 2025 | M24: Emissionsbilanz erneuerbarer Energieträger (Lauf et al. 2026) | N24: Hier ohne "Hilfsenergie", da die Strombereitstellung über Scope 2 abgedeckt ist
A25: 06_20_02_002_01 | B25: Scope 2 | C25: Wärme | D25: Solarthermie | E25: Vakuumröhrenkollektor | F25: kWh | G25: 0 | H25: 0 | I25: 0 | J25: 0 | K25: 2024 | L25: 2025 | M25: Emissionsbilanz erneuerbarer Energieträger (Lauf et al. 2026) | N25: Die Strombereitstellung für den Betrieb wird über Scope 2 abgedeckt.
A26: 06_31_02_002_01 | B26: Scope 3 - Vorkette | C26: Wärme | D26: Solarthermie | E26: Vakuumröhrenkollektor | F26: kWh | G26: 0.014814025 | H26: 0.013376989 | I26: 4.7316e-05 | J26: 4.2335e-07 | K26: 2024 | L26: 2025 | M26: Emissionsbilanz erneuerbarer Energieträger (Lauf et al. 2026) | N26: Hier ohne "Hilfsenergie", da die Strombereitstellung über Scope 2 abgedeckt ist
A27: 06_32_02_002_01 | B27: Scope 3 - Gesamt | C27: Wärme | D27: Solarthermie | E27: Vakuumröhrenkollektor | F27: kWh | G27: 0.014814025 | H27: 0.013376989 | I27: 4.7316e-05 | J27: 4.2335e-07 | K27: 2024 | L27: 2025 | M27: Emissionsbilanz erneuerbarer Energieträger (Lauf et al. 2026) | N27: Hier ohne "Hilfsenergie", da die Strombereitstellung über Scope 2 abgedeckt ist
A28: 06_20_02_003_01 | B28: Scope 2 | C28: Wärme | D28: Wärmepumpe | E28: Elektro-Wärmepumpe, Umgebungswärme – aerothermisch – Brauchwasser | F28: kWh | G28: 0 | H28: 0 | I28: 0 | J28: 0 | K28: 2024 | L28: 2025 | M28: Emissionsbilanz erneuerbarer Energieträger (Lauf et al. 2026) | N28: Die Strombereitstellung für den Betrieb wird über Scope 2 abgedeckt.
A29: 06_31_02_003_01 | B29: Scope 3 - Vorkette | C29: Wärme | D29: Wärmepumpe | E29: Elektro-Wärmepumpe, Umgebungswärme – aerothermisch – Brauchwasser | F29: kWh | G29: 0.013776657 | H29: 0.013012796 | I29: 2.605e-05 | J29: 1.3004e-07 | K29: 2024 | L29: 2025 | M29: Emissionsbilanz erneuerbarer Energieträger (Lauf et al. 2026) | N29: Hier ohne "Hilfsenergie", da die Strombereitstellung über Scope 2 abgedeckt ist
A30: 06_32_02_003_01 | B30: Scope 3 - Gesamt | C30: Wärme | D30: Wärmepumpe | E30: Elektro-Wärmepumpe, Umgebungswärme – aerothermisch – Brauchwasser | F30: kWh | G30: 0.013776657 | H30: 0.013012796 | I30: 2.605e-05 | J30: 1.3004e-07 | K30: 2024 | L30: 2025 | M30: Emissionsbilanz erneuerbarer Energieträger (Lauf et al. 2026) | N30: Hier ohne "Hilfsenergie", da die Strombereitstellung über Scope 2 abgedeckt ist
A31: 06_20_02_004_01 | B31: Scope 2 | C31: Wärme | D31: Wärmepumpe | E31: Elektro-Wärmepumpe, Umgebungswärme – aerothermisch – Luft/Wasser | F31: kWh | G31: 0 | H31: 0 | I31: 0 | J31: 0 | K31: 2024 | L31: 2025 | M31: Emissionsbilanz erneuerbarer Energieträger (Lauf et al. 2026) | N31: Die Strombereitstellung für den Betrieb wird über Scope 2 abgedeckt.
A32: 06_31_02_004_01 | B32: Scope 3 - Vorkette | C32: Wärme | D32: Wärmepumpe | E32: Elektro-Wärmepumpe, Umgebungswärme – aerothermisch – Luft/Wasser | F32: kWh | G32: 0.013776657 | H32: 0.013012796 | I32: 2.605e-05 | J32: 1.3004e-07 | K32: 2024 | L32: 2025 | M32: Emissionsbilanz erneuerbarer Energieträger (Lauf et al. 2026) | N32: Hier ohne "Hilfsenergie", da die Strombereitstellung über Scope 2 abgedeckt ist
A33: 06_32_02_004_01 | B33: Scope 3 - Gesamt | C33: Wärme | D33: Wärmepumpe | E33: Elektro-Wärmepumpe, Umgebungswärme – aerothermisch – Luft/Wasser | F33: kWh | G33: 0.013776657 | H33: 0.013012796 | I33: 2.605e-05 | J33: 1.3004e-07 | K33: 2024 | L33: 2025 | M33: Emissionsbilanz erneuerbarer Energieträger (Lauf et al. 2026) | N33: Hier ohne "Hilfsenergie", da die Strombereitstellung über Scope 2 abgedeckt ist

Sheet 07_Stat._Verbr. V. & m.V
A1: 07 Stationäre Verbrennung | C1: Scope | D1: 3
A3: Biogene und fossile Brennstoffe nur Vorketten
A4: Anmerkungen: | B4: Die Angaben in kWh entsprechen, wenn nicht anders angegeben, dem unteren Heizwert. Die angegebenen Emissionsfaktoren von biogenen Brennstoffen werden abzüglich des CO2-Anteils aus der Verbrennung ausgewiesen. Für die Berücksichtigung der Emissionen aus der Verbrennung müssen die hier aufgeführten Werte mit den Werten des Blattes "Außerhalb der Scopes" kombiniert werden.
B5: Der Emissionsfaktor (EF) für Erdgas ist in der benannten Quelle auf den unteren Heizwert bezogen. In den Erdgas Abrechnungen der Versorger sind die Energiemengen auf Brennwert bezogen. Für die Umrechnung der Werte für Erdgas von Heizwert auf Brennwert wurde der folgende Umrechnungsfaktor genutzt: 0,903; Beispielrechnung: 0,0490*0,903=0,0443.
A6: ID | B6: Scope | C6: Level 1 | D6: Level 2 | E6: Level 3 | F6: Level 4 | G6: Level 5 | H6: Einheit | I6: kg CO2e | J6: kg CO2 | K6: kg CH4 | L6: kg N2O | M6: Bezugsjahr | N6: Veröffentlichungsjahr | O6: Quelle | P6: Anmerkungen
A7: 07_31_01_001_01 | B7: Scope 3 - Vorkette | C7: Stationäre Verbrennung | D7: erneuerbare Brennstoffe | E7: Biodiesel | H7: kWh | I7: 0.053723226 | J7: 0.030457305 | K7: 0.00020835674 | L7: 6.5780879e-05 | M7: 2024 | N7: 2025 | O7: Emissionsbilanz erneuerbarer Energieträger (Lauf et al. 2026) | P7: Der Wert bezieht sich auf die Wärmebereitstellung, nicht auf die Nutzung im Verkehrsbereich.
A8: 07_31_01_001_02 | B8: Scope 3 - Vorkette | C8: Stationäre Verbrennung | D8: erneuerbare Brennstoffe | E8: Biodiesel | H8: l | I8: 0.488519 | J8: 0.27695604 | K8: 0.0018946409 | L8: 0.0005981623 | M8: 2024 | N8: 2025 | O8: Berechenbar mittels Emissionsbilanz erneuerbarer Energieträger (Lauf et al. 2026) | P8: Der Wert bezieht sich auf die Wärmebereitstellung, nicht auf die Nutzung im Verkehrsbereich.
A9: 07_31_01_001_04 | B9: Scope 3 - Vorkette | C9: Stationäre Verbrennung | D9: erneuerbare Brennstoffe | E9: Biodiesel | H9: t | I9: 555.76678 | J9: 315.08082 | K9: 2.1554504 | L9: 0.68050319 | M9: 2024 | N9: 2025 | O9: Berechenbar mittels Emissionsbilanz erneuerbarer Energieträger (Lauf et al. 2026) | P9: Der Wert bezieht sich auf die Wärmebereitstellung, nicht auf die Nutzung im Verkehrsbereich.
A10: 07_31_01_002_01 | B10: Scope 3 - Vorkette | C10: Stationäre Verbrennung | D10: erneuerbare Brennstoffe | E10: Biogas | H10: kWh | I10: 0.074338288 | J10: 0.021216434 | K10: 0.0018153824 | L10: 0.00010951377 | M10: 2024 | N10: 2025 | O10: Emissionsbilanz erneuerbarer Energieträger (Lauf et al. 2026)
A11: 07_31_01_002_05 | B11: Scope 3 - Vorkette | C11: Stationäre Verbrennung | D11: erneuerbare Brennstoffe | E11: Biogas | H11: m³ | I11: 0.41299379 | J11: 0.11787002 | K11: 0.010085538 | L11: 0.00060841468 | M11: 2024 | N11: 2025 | O11: Berechenbar mittels Emissionsbilanz erneuerbarer Energieträger (Lauf et al. 2026)
A12: 07_31_01_003_01 | B12: Scope 3 - Vorkette | C12: Stationäre Verbrennung | D12: erneuerbare Brennstoffe | E12: Biomethan | H12: kWh | I12: 0.12276469 | J12: 0.05311294 | K12: 0.0017358029 | L12: 0.00011183119 | M12: 2024 | N12: 2025 | O12: Emissionsbilanz erneuerbarer Energieträger (Lauf et al. 2026) | P12: Der Wert bezieht sich auf die Wärmebereitstellung, nicht auf die Nutzung im Verkehrsbereich.
A13: 07_31_01_003_02 | B13: Scope 3 - Vorkette | C13: Stationäre Verbrennung | D13: erneuerbare Brennstoffe | E13: Biomethan | H13: l | I13: =I12*Umrechnungsfaktoren!$H$20 -> 1.1353687 | J13: =J12*Umrechnungsfaktoren!$H$20 -> 0.49120617 | K13: =K12*Umrechnungsfaktoren!$H$20 -> 0.016053284 | L13: =L12*Umrechnungsfaktoren!$H$20 -> 0.0010342521 | O13: Berechenbar mittels Emissionsbilanz erneuerbarer Energieträger (Lauf et al. 2026) | P13: Der Wert bezieht sich auf die Wärmebereitstellung, nicht auf die Nutzung im Verkehrsbereich.
A14: 07_31_01_003_04 | B14: Scope 3 - Vorkette | C14: Stationäre Verbrennung | D14: erneuerbare Brennstoffe | E14: Biomethan | H14: t | I14: =I12*Umrechnungsfaktoren!$F$20 -> 1585.7105 | J14: =J12*Umrechnungsfaktoren!$F$20 -> 686.04214 | K14: =K12*Umrechnungsfaktoren!$F$20 -> 22.420787 | L14: =L12*Umrechnungsfaktoren!$F$20 -> 1.4444862 | O14: Berechenbar mittels Emissionsbilanz erneuerbarer Energieträger (Lauf et al. 2026) | P14: Der Wert bezieht sich auf die Wärmebereitstellung, nicht auf die Nutzung im Verkehrsbereich.
A15: 07_31_01_004_01 | B15: Scope 3 - Vorkette | C15: Stationäre Verbrennung | D15: erneuerbare Brennstoffe | E15: Deponiegas | H15: kWh | I15: 0.004542196 | J15: 0.0042134642 | K15: 9.0076561e-06 | L15: 2.8874506e-07 | M15: 2024 | N15: 2025 | O15: Emissionsbilanz erneuerbarer Energieträger (Lauf et al. 2026)
A16: 07_31_01_004_05 | B16: Scope 3 - Vorkette | C16: Stationäre Verbrennung | D16: erneuerbare Brennstoffe | E16: Deponiegas | H16: m³ | I16: 0.018168784 | J16: 0.016853857 | K16: 3.6030625e-05 | L16: 1.1549802e-06 | M16: 2024 | N16: 2025 | O16: Berechenbar mittels Emissionsbilanz erneuerbarer Energieträger (Lauf et al. 2026)
A17: 07_31_01_005_01 | B17: Scope 3 - Vorkette | C17: Stationäre Verbrennung | D17: erneuerbare Brennstoffe | E17: Klärgas | H17: kWh | I17: 0.0044622415 | J17: 0.0041392962 | K17: 8.8490978e-06 | L17: 2.8366239e-07 | M17: 2024 | N17: 2025 | O17: Emissionsbilanz erneuerbarer Energieträger (Lauf et al. 2026)
A18: 07_31_01_005_05 | B18: Scope 3 - Vorkette | C18: Stationäre Verbrennung | D18: erneuerbare Brennstoffe | E18: Klärgas | H18: m³ | I18: 0.027640908 | J18: 0.025640456 | K18: 5.4814852e-05 | L18: 1.7571183e-06 | M18: 2024 | N18: 2025 | O18: Berechenbar mittels Emissionsbilanz erneuerbarer Energieträger (Lauf et al. 2026)
A19: 07_31_01_006_01 | B19: Scope 3 - Vorkette | C19: Stationäre Verbrennung | D19: erneuerbare Brennstoffe | E19: feste Biomasse | F19: Gemischtes Wald-Scheitholz | G19: Einzelraumfeuerung | H19: kWh | I19: 0.0094927507 | J19: 0.0089807048 | K19: 1.44e-05 | L19: 4.1073949e-07 | M19: 2024 | N19: 2025 | O19: Emissionsbilanz erneuerbarer Energieträger (Lauf et al. 2026)
A20: 07_31_01_006_05 | B20: Scope 3 - Vorkette | C20: Stationäre Verbrennung | D20: erneuerbare Brennstoffe | E20: feste Biomasse | F20: Gemischtes Wald-Scheitholz | G20: Einzelraumfeuerung | H20: m³ | I20: 15.229141 | J20: 14.40767 | K20: 0.0231018 | L20: 0.00065894595 | M20: 2024 | N20: 2025 | O20: Berechenbar mittels Emissionsbilanz erneuerbarer Energieträger (Lauf et al. 2026) | P20: Mittelwert aus Laubholz und Nadelholz, Bezug Raummeter Holz, 15% Wassergehalt.
A21: 07_31_01_006_04 | B21: Scope 3 - Vorkette | C21: Stationäre Verbrennung | D21: erneuerbare Brennstoffe | E21: feste Biomasse | F21: Gemischtes Wald-Scheitholz | G21: Einzelraumfeuerung | H21: t | I21: 40.739722 | J21: 38.542191 | K21: 0.0618 | L21: 0.001762757 | M21: 2024 | N21: 2025 | O21: Berechenbar mittels Emissionsbilanz erneuerbarer Energieträger (Lauf et al. 2026) | P21: Mittelwert aus Laubholz und Nadelholz, 15% Wassergehalt.
A22: 07_31_01_007_01 | B22: Scope 3 - Vorkette | C22: Stationäre Verbrennung | D22: erneuerbare Brennstoffe | E22: feste Biomasse | F22: Gemischtes Wald-Scheitholz | G22: Kessel | H22: kWh | I22: 0.016983085 | J22: 0.015985043 | K22: 2.8507787e-05 | L22: 7.5405204e-07 | M22: 2024 | N22: 2025 | O22: Emissionsbilanz erneuerbarer Energieträger (Lauf et al. 2026)
A23: 07_31_01_007_05 | B23: Scope 3 - Vorkette | C23: Stationäre Verbrennung | D23: erneuerbare Brennstoffe | E23: feste Biomasse | F23: Gemischtes Wald-Scheitholz | G23: Kessel | H23: m³ | I23: 27.245822 | J23: 25.644672 | K23: 0.045734805 | L23: 0.0012097194 | M23: 2024 | N23: 2025 | O23: Berechenbar mittels Emissionsbilanz erneuerbarer Energieträger (Lauf et al. 2026) | P23: Mittelwert aus Laubholz und Nadelholz, Bezug Raummeter Holz, 15% Wassergehalt.
A24: 07_31_01_007_04 | B24: Scope 3 - Vorkette | C24: Stationäre Verbrennung | D24: erneuerbare Brennstoffe | E24: feste Biomasse | F24: Gemischtes Wald-Scheitholz | G24: Kessel | H24: t | I24: 72.885741 | J24: 68.602478 | K24: 0.12234592 | L24: 0.00323614 | M24: 2024 | N24: 2025 | O24: Berechenbar mittels Emissionsbilanz erneuerbarer Energieträger (Lauf et al. 2026) | P24: Mittelwert aus Laubholz und Nadelholz, 15% Wassergehalt.
A25: 07_31_01_008_01 | B25: Scope 3 - Vorkette | C25: Stationäre Verbrennung | D25: erneuerbare Brennstoffe | E25: feste Biomasse | F25: Altholz / Holzreste | G25: Industrielle Feuerung | H25: kWh | I25: 0.017493048 | J25: 0.016445332 | K25: 2.9953771e-05 | L25: 7.8872154e-07 | M25: 2024 | N25: 2025 | O25: Emissionsbilanz erneuerbarer Energieträger (Lauf et al. 2026)
A26: 07_31_01_008_05 | B26: Scope 3 - Vorkette | C26: Stationäre Verbrennung | D26: erneuerbare Brennstoffe | E26: feste Biomasse | F26: Altholz / Holzreste | G26: Industrielle Feuerung | H26: m³ | I26: 36.429273 | J26: 34.247403 | K26: 0.062378727 | L26: 0.0016425126 | M26: 2024 | N26: 2025 | O26: Berechenbar mittels Emissionsbilanz erneuerbarer Energieträger (Lauf et al. 2026)
A27: 07_31_01_008_04 | B27: Scope 3 - Vorkette | C27: Stationäre Verbrennung | D27: erneuerbare Brennstoffe | E27: feste Biomasse | F27: Altholz / Holzreste | G27: Industrielle Feuerung | H27: t | I27: 71.429947 | J27: 67.151771 | K27: 0.12231123 | L27: 0.003220613 | M27: 2024 | N27: 2025 | O27: Berechenbar mittels Emissionsbilanz erneuerbarer Energieträger (Lauf et al. 2026)
A28: 07_31_01_009_01 | B28: Scope 3 - Vorkette | C28: Stationäre Verbrennung | D28: erneuerbare Brennstoffe | E28: feste Biomasse | F28: Pellets | H28: kWh | I28: 0.016909284 | J28: 0.015774445 | K28: 2.7651202e-05 | L28: 1.3607741e-06 | M28: 2024 | N28: 2025 | O28: Emissionsbilanz erneuerbarer Energieträger (Lauf et al. 2026)
A29: 07_31_01_009_05 | B29: Scope 3 - Vorkette | C29: Stationäre Verbrennung | D29: erneuerbare Brennstoffe | E29: feste Biomasse | F29: Pellets | H29: m³ | I29: 52.207415 | J29: 48.7036 | K29: 0.085373085 | L29: 0.00420139 | M29: 2024 | N29: 2025 | O29: Berechenbar mittels Emissionsbilanz erneuerbarer Energieträger (Lauf et al. 2026)
A30: 07_31_01_009_04 | B30: Scope 3 - Vorkette | C30: Stationäre Verbrennung | D30: erneuerbare Brennstoffe | E30: feste Biomasse | F30: Pellets | H30: t | I30: 80.319099 | J30: 74.928615 | K30: 0.13134321 | L30: 0.006463677 | M30: 2024 | N30: 2025 | O30: Berechenbar mittels Emissionsbilanz erneuerbarer Energieträger (Lauf et al. 2026)
A31: 07_31_02_001_01 | B31: Scope 3 - Vorkette | C31: Stationäre Verbrennung | D31: fossile Brennstoffe | E31: Braunkohle | F31: Briketts | H31: kWh | I31: 0.059055211 | J31: 0.055198676 | K31: 1.80984e-05 | L31: 1.264068e-05 | M31: 2024 | N31: 2025 | O31: Emissionsbilanz erneuerbarer Energieträger (Lauf et al. 2026)
A32: 07_31_02_001_04 | B32: Scope 3 - Vorkette | C32: Stationäre Verbrennung | D32: fossile Brennstoffe | E32: Braunkohle | F32: Briketts | H32: t | I32: 315.15798 | J32: 294.57693 | K32: 0.096585128 | L32: 0.067459096 | M32: 2024 | N32: 2025 | O32: Berechenbar mittels Emissionsbilanz erneuerbarer Energieträger (Lauf et al. 2026)
A33: 07_31_02_002_01 | B33: Scope 3 - Vorkette | C33: Stationäre Verbrennung | D33: fossile Brennstoffe | E33: flüssige Brennstoffe | F33: Heizöl, leicht | H33: kWh | I33: 0.045748043 | J33: 0.043447761 | K33: 6.8672e-05 | L33: 1.4244e-06 | M33: 2024 | N33: 2025 | O33: Emissionsbilanz erneuerbarer Energieträger (Lauf et al. 2026)
A34: 07_31_02_002_02 | B34: Scope 3 - Vorkette | C34: Stationäre Verbrennung | D34: fossile Brennstoffe | E34: flüssige Brennstoffe | F34: Heizöl, leicht | H34: l | I34: 0.44906889 | J34: 0.42648902 | K34: 0.00067409351 | L34: 1.39821e-05 | M34: 2024 | N34: 2025 | O34: Berechenbar mittels Emissionsbilanz erneuerbarer Energieträger (Lauf et al. 2026)
A35: 07_31_02_002_04 | B35: Scope 3 - Vorkette | C35: Stationäre Verbrennung | D35: fossile Brennstoffe | E35: flüssige Brennstoffe | F35: Heizöl, leicht | H35: t | I35: 541.04686 | J35: 513.84219 | K35: 0.81216085 | L35: 0.016845904 | M35: 2024 | N35: 2025 | O35: Berechenbar mittels Emissionsbilanz erneuerbarer Energieträger (Lauf et al. 2026)
A36: 07_31_02_003_01 | B36: Scope 3 - Vorkette | C36: Stationäre Verbrennung | D36: fossile Brennstoffe | E36: flüssige Brennstoffe | F36: Dieselkraftstoff | H36: kWh | I36: 0.071188001 | J36: 0.069278541 | K36: 5.7577e-05 | L36: 1.1219e-06 | M36: 2024 | N36: 2025 | O36: Emissionsbilanz erneuerbarer Energieträger (Lauf et al. 2026)
A37: 07_31_02_003_02 | B37: Scope 3 - Vorkette | C37: Stationäre Verbrennung | D37: fossile Brennstoffe | E37: flüssige Brennstoffe | F37: Dieselkraftstoff | H37: l | I37: 0.70501559 | J37: 0.68610511 | K37: 0.00057021804 | L37: 1.1110819e-05 | M37: 2024 | N37: 2025 | O37: Berechenbar mittels Emissionsbilanz erneuerbarer Energieträger (Lauf et al. 2026)
A38: 07_31_02_003_04 | B38: Scope 3 - Vorkette | C38: Stationäre Verbrennung | D38: fossile Brennstoffe | E38: flüssige Brennstoffe | F38: Dieselkraftstoff | H38: t | I38: 847.3745 | J38: 824.64557 | K38: 0.68535822 | L38: 0.01335435 | M38: 2024 | N38: 2025 | O38: Berechenbar mittels Emissionsbilanz erneuerbarer Energieträger (Lauf et al. 2026)
A39: 07_31_02_004_01 | B39: Scope 3 - Vorkette | C39: Stationäre Verbrennung | D39: fossile Brennstoffe | E39: Gase | F39: Erdgas (Heizwert) | H39: kWh | I39: 0.039375625 | J39: 0.019968843 | K39: 0.000689028 | L39: 4.301705e-07 | M39: 2024 | N39: 2025 | O39: Emissionsbilanz erneuerbarer Energieträger (Lauf et al. 2026)
A40: 07_31_02_004_05 | B40: Scope 3 - Vorkette | C40: Stationäre Verbrennung | D40: fossile Brennstoffe | E40: Gase | F40: Erdgas | H40: m³ | I40: =I39*Umrechnungsfaktoren!$G$11 -> 0.38481011 | J40: =J39*Umrechnungsfaktoren!$G$11 -> 0.19515151 | K40: =K39*Umrechnungsfaktoren!$G$11 -> 0.0067337328 | L40: =L39*Umrechnungsfaktoren!$G$11 -> 4.2039703e-06 | M40: 2024 | N40: 2025 | O40: Berechenbar mittels Emissionsbilanz erneuerbarer Energieträger (Lauf et al. 2026)
A41: 07_31_02_005_01 | B41: Scope 3 - Vorkette | C41: Stationäre Verbrennung | D41: fossile Brennstoffe | E41: Gase | F41: Erdgas (Brennwert) | H41: kWh | I41: 0.035556189 | J41: 0.018031865 | K41: 0.00062219228 | L41: 3.8844396e-07 | M41: 2024 | N41: 2025 | O41: Berechenbar mittels Emissionsbilanz erneuerbarer Energieträger (Lauf et al. 2026)
A42: 07_31_02_006_01 | B42: Scope 3 - Vorkette | C42: Stationäre Verbrennung | D42: fossile Brennstoffe | E42: Steinkohle | F42: Kohle | H42: kWh | I42: 0.05679653 | J42: 0.018094384 | K42: 0.0013702311 | L42: 1.2667e-06 | M42: 2024 | N42: 2025 | O42: Emissionsbilanz erneuerbarer Energieträger (Lauf et al. 2026)
A43: 07_31_02_006_04 | B43: Scope 3 - Vorkette | C43: Stationäre Verbrennung | D43: fossile Brennstoffe | E43: Steinkohle | F43: Kohle | H43: t | I43: 452.0215 | J43: 144.00617 | K43: 10.905136 | L43: 0.010081173 | M43: 2024 | N43: 2025 | O43: Berechenbar mittels Emissionsbilanz erneuerbarer Energieträger (Lauf et al. 2026)
A45: Biogene und fossile Brennstoffe mit Vorketten
A46: Anmerkungen: | B46: Die Angaben in kWh entsprechen, wenn nicht anders angegeben, dem unteren Heizwert. Die angegebenen Emissionsfaktoren von biogenen Brennstoffen werden abzüglich des CO2-Anteils aus der Verbrennung ausgewiesen. Für die Berücksichtigung der Emissionen aus der Verbrennung müssen die hier aufgeführten Werte mit den Werten des Blattes "Außerhalb der Scopes" kombiniert werden.
B47: Der Emissionsfaktor (EF) ist in der benannten Quelle auf den unteren Heizwert bezogen. In den Erdgas Abrechnungen der Versorger sind die Energiemengen auf Brennwert bezogen. Für die Umrechnung der Werte für Erdgas von Heizwert auf Brennwert wurde der folgende Umrechnungsfaktor genutzt: 0,901; Beispielrechnung: 0,25*0,901=0,23.
A48: ID | B48: Scope | C48: Level 1 | D48: Level 2 | E48: Level 3 | F48: Level 4 | G48: Level 5 | H48: Einheit | I48: kg CO2e | J48: kg CO2 | K48: kg CH4 | L48: kg N2O | M48: Bezugsjahr | N48: Veröffentlichungsjahr | O48: Quelle | P48: Anmerkungen
A49: 07_32_01_001_01 | B49: Scope 3 - Gesamt | C49: Stationäre Verbrennung | D49: erneuerbare Brennstoffe | E49: Biodiesel | H49: kWh | I49: 0.057107422 | J49: 0.030457305 | K49: 0.00021310554 | L49: 7.6307201e-05 | M49: 2024 | N49: 2025 | O49: Emissionsbilanz erneuerbarer Energieträger (Lauf et al. 2026) | P49: Der Wert bezieht sich auf die Wärmebereitstellung, nicht auf die Nutzung im Verkehrsbereich.
A50: 07_32_01_001_02 | B50: Scope 3 - Gesamt | C50: Stationäre Verbrennung | D50: erneuerbare Brennstoffe | E50: Biodiesel | H50: l | I50: 0.51929235 | J50: 0.27695604 | K50: 0.001937823 | L50: 0.00069388084 | M50: 2024 | N50: 2025 | O50: Berechenbar mittels Emissionsbilanz erneuerbarer Energieträger (Lauf et al. 2026) | P50: Der Wert bezieht sich auf die Wärmebereitstellung, nicht auf die Nutzung im Verkehrsbereich.
A51: 07_32_01_001_04 | B51: Scope 3 - Gesamt | C51: Stationäre Verbrennung | D51: erneuerbare Brennstoffe | E51: Biodiesel | H51: t | I51: 590.77628 | J51: 315.08082 | K51: 2.2045768 | L51: 0.78939799 | M51: 2024 | N51: 2025 | O51: Berechenbar mittels Emissionsbilanz erneuerbarer Energieträger (Lauf et al. 2026) | P51: Der Wert bezieht sich auf die Wärmebereitstellung, nicht auf die Nutzung im Verkehrsbereich.
A52: 07_32_01_002_01 | B52: Scope 3 - Gesamt | C52: Stationäre Verbrennung | D52: erneuerbare Brennstoffe | E52: Biogas | H52: kWh | I52: 0.12537585 | J52: 0.021216434 | K52: 0.0035856823 | L52: 0.00011505777 | M52: 2024 | N52: 2025 | O52: Emissionsbilanz erneuerbarer Energieträger (Lauf et al. 2026)
A53: 07_32_01_002_05 | B53: Scope 3 - Gesamt | C53: Stationäre Verbrennung | D53: erneuerbare Brennstoffe | E53: Biogas | H53: m³ | I53: 0.69653805 | J53: 0.11787002 | K53: 0.019920617 | L53: 0.00063921492 | M53: 2024 | N53: 2025 | O53: Berechenbar mittels Emissionsbilanz erneuerbarer Energieträger (Lauf et al. 2026)
A54: 07_32_01_003_01 | B54: Scope 3 - Gesamt | C54: Stationäre Verbrennung | D54: erneuerbare Brennstoffe | E54: Biomethan | H54: kWh | I54: 0.15105683 | J54: 0.05311294 | K54: 0.0027138689 | L54: 0.00011525119 | M54: 2024 | N54: 2025 | O54: Emissionsbilanz erneuerbarer Energieträger (Lauf et al. 2026) | P54: Der Wert bezieht sich auf die Wärmebereitstellung, nicht auf die Nutzung im Verkehrsbereich.
A55: 07_32_01_003_02 | B55: Scope 3 - Gesamt | C55: Stationäre Verbrennung | D55: erneuerbare Brennstoffe | E55: Biomethan | H55: l | I55: =I54*Umrechnungsfaktoren!$H$20 -> 1.3970239 | J55: =J54*Umrechnungsfaktoren!$H$20 -> 0.49120617 | K55: =K54*Umrechnungsfaktoren!$H$20 -> 0.025098764 | L55: =L54*Umrechnungsfaktoren!$H$20 -> 0.0010658814 | M55: 2024 | N55: 2025 | O55: Berechenbar mittels Emissionsbilanz erneuerbarer Energieträger (Lauf et al. 2026) | P55: Der Wert bezieht sich auf die Wärmebereitstellung, nicht auf die Nutzung im Verkehrsbereich.
A56: 07_32_01_003_04 | B56: Scope 3 - Gesamt | C56: Stationäre Verbrennung | D56: erneuerbare Brennstoffe | E56: Biomethan | H56: t | I56: =I54*Umrechnungsfaktoren!$F$20 -> 1951.1508 | J56: =J54*Umrechnungsfaktoren!$F$20 -> 686.04214 | K56: =K54*Umrechnungsfaktoren!$F$20 -> 35.05414 | L56: =L54*Umrechnungsfaktoren!$F$20 -> 1.4886612 | M56: 2024 | N56: 2025 | O56: Berechenbar mittels Emissionsbilanz erneuerbarer Energieträger (Lauf et al. 2026) | P56: Der Wert bezieht sich auf die Wärmebereitstellung, nicht auf die Nutzung im Verkehrsbereich.
A57: 07_32_01_004_01 | B57: Scope 3 - Gesamt | C57: Stationäre Verbrennung | D57: erneuerbare Brennstoffe | E57: Deponiegas | H57: kWh | I57: 0.03748918 | J57: 0.0042134642 | K57: 0.0011332157 | L57: 5.8327451e-06 | M57: 2024 | N57: 2025 | O57: Emissionsbilanz erneuerbarer Energieträger (Lauf et al. 2026)
A58: 07_32_01_004_05 | B58: Scope 3 - Gesamt | C58: Stationäre Verbrennung | D58: erneuerbare Brennstoffe | E58: Deponiegas | H58: m³ | I58: 0.14995672 | J58: 0.016853857 | K58: 0.0045328626 | L58: 2.333098e-05 | M58: 2024 | N58: 2025 | O58: Berechenbar mittels Emissionsbilanz erneuerbarer Energieträger (Lauf et al. 2026)
A59: 07_32_01_005_01 | B59: Scope 3 - Gesamt | C59: Stationäre Verbrennung | D59: erneuerbare Brennstoffe | E59: Klärgas | H59: kWh | I59: 0.037409225 | J59: 0.0041392962 | K59: 0.0011330571 | L59: 5.8276624e-06 | M59: 2024 | N59: 2025 | O59: Emissionsbilanz erneuerbarer Energieträger (Lauf et al. 2026)
A60: 07_32_01_005_05 | B60: Scope 3 - Gesamt | C60: Stationäre Verbrennung | D60: erneuerbare Brennstoffe | E60: Klärgas | H60: m³ | I60: 0.23172771 | J60: 0.025640456 | K60: 0.0070186089 | L60: 3.6098872e-05 | M60: 2024 | N60: 2025 | O60: Berechenbar mittels Emissionsbilanz erneuerbarer Energieträger (Lauf et al. 2026)
A61: 07_32_01_006_01 | B61: Scope 3 - Gesamt | C61: Stationäre Verbrennung | D61: erneuerbare Brennstoffe | E61: feste Biomasse | F61: Gemischtes Wald-Scheitholz | G61: Einzelraumfeuerung | H61: kWh | I61: 0.024672623 | J61: 0.0089807048 | K61: 0.00049313086 | L61: 7.110394e-06 | M61: 2024 | N61: 2025 | O61: Emissionsbilanz erneuerbarer Energieträger (Lauf et al. 2026)
A62: 07_32_01_006_05 | B62: Scope 3 - Gesamt | C62: Stationäre Verbrennung | D62: erneuerbare Brennstoffe | E62: feste Biomasse | F62: Gemischtes Wald-Scheitholz | G62: Einzelraumfeuerung | H62: m³ | I62: 39.582084 | J62: 14.40767 | K62: 0.79112572 | L62: 0.011407146 | M62: 2024 | N62: 2025 | O62: Berechenbar mittels Emissionsbilanz erneuerbarer Energieträger (Lauf et al. 2026) | P62: Mittelwert aus Laubholz und Nadelholz, Bezug Raummeter Holz, 15% Wassergehalt.
A63: 07_32_01_006_04 | B63: Scope 3 - Gesamt | C63: Stationäre Verbrennung | D63: erneuerbare Brennstoffe | E63: feste Biomasse | F63: Gemischtes Wald-Scheitholz | G63: Einzelraumfeuerung | H63: t | I63: 105.88667 | J63: 38.542191 | K63: 2.1163533 | L63: 0.030515441 | M63: 2024 | N63: 2025 | O63: Berechenbar mittels Emissionsbilanz erneuerbarer Energieträger (Lauf et al. 2026) | P63: Mittelwert aus Laubholz und Nadelholz, 15% Wassergehalt.
A64: 07_32_01_007_01 | B64: Scope 3 - Gesamt | C64: Stationäre Verbrennung | D64: erneuerbare Brennstoffe | E64: feste Biomasse | F64: Gemischtes Wald-Scheitholz | G64: Kessel | H64: kWh | I64: 0.017822636 | J64: 0.015985043 | K64: 4.8951738e-05 | L64: 1.762052e-06 | M64: 2024 | N64: 2025 | O64: Emissionsbilanz erneuerbarer Energieträger (Lauf et al. 2026)
A65: 07_32_01_007_05 | B65: Scope 3 - Gesamt | C65: Stationäre Verbrennung | D65: erneuerbare Brennstoffe | E65: feste Biomasse | F65: Gemischtes Wald-Scheitholz | G65: Kessel | H65: m³ | I65: 28.592706 | J65: 25.644672 | K65: 0.078532865 | L65: 0.0028268454 | M65: 2024 | N65: 2025 | O65: Berechenbar mittels Emissionsbilanz erneuerbarer Energieträger (Lauf et al. 2026) | P65: Mittelwert aus Laubholz und Nadelholz, Bezug Raummeter Holz, 15% Wassergehalt.
A66: 07_32_01_007_04 | B66: Scope 3 - Gesamt | C66: Stationäre Verbrennung | D66: erneuerbare Brennstoffe | E66: feste Biomasse | F66: Gemischtes Wald-Scheitholz | G66: Kessel | H66: t | I66: 76.488813 | J66: 68.602478 | K66: 0.21008454 | L66: 0.00756214 | M66: 2024 | N66: 2025 | O66: Berechenbar mittels Emissionsbilanz erneuerbarer Energieträger (Lauf et al. 2026) | P66: Mittelwert aus Laubholz und Nadelholz, 15% Wassergehalt.
A67: 07_32_01_008_01 | B67: Scope 3 - Gesamt | C67: Stationäre Verbrennung | D67: erneuerbare Brennstoffe | E67: feste Biomasse | F67: Altholz / Holzreste | G67: Industrielle Feuerung | H67: kWh | I67: 0.020891422 | J67: 0.016445332 | K67: 6.1852064e-05 | L67: 1.0242389e-05 | M67: 2024 | N67: 2025 | O67: Emissionsbilanz erneuerbarer Energieträger (Lauf et al. 2026)
A68: 07_32_01_008_05 | B68: Scope 3 - Gesamt | C68: Stationäre Verbrennung | D68: erneuerbare Brennstoffe | E68: feste Biomasse | F68: Altholz / Holzreste | G68: Industrielle Feuerung | H68: m³ | I68: 43.506387 | J68: 34.247403 | K68: 0.12880692 | L68: 0.021329775 | M68: 2024 | N68: 2025 | O68: Berechenbar mittels Emissionsbilanz erneuerbarer Energieträger (Lauf et al. 2026)
A69: 07_32_01_008_04 | B69: Scope 3 - Gesamt | C69: Stationäre Verbrennung | D69: erneuerbare Brennstoffe | E69: feste Biomasse | F69: Altholz / Holzreste | G69: Industrielle Feuerung | H69: t | I69: 85.306642 | J69: 67.151771 | K69: 0.25256259 | L69: 0.041823088 | M69: 2024 | N69: 2025 | O69: Berechenbar mittels Emissionsbilanz erneuerbarer Energieträger (Lauf et al. 2026)
A70: 07_32_01_009_01 | B70: Scope 3 - Gesamt | C70: Stationäre Verbrennung | D70: erneuerbare Brennstoffe | E70: feste Biomasse | F70: Pellets | H70: kWh | I70: 0.017170287 | J70: 0.015722034 | K70: 2.933854e-05 | L70: 2.3651824e-06 | M70: 2024 | N70: 2025 | O70: Emissionsbilanz erneuerbarer Energieträger (Lauf et al. 2026)
A71: 07_32_01_009_05 | B71: Scope 3 - Gesamt | C71: Stationäre Verbrennung | D71: erneuerbare Brennstoffe | E71: feste Biomasse | F71: Pellets | H71: m³ | I71: 53.01326 | J71: 48.541781 | K71: 0.090582742 | L71: 0.0073025007 | M71: 2024 | N71: 2025 | O71: Berechenbar mittels Emissionsbilanz erneuerbarer Energieträger (Lauf et al. 2026)
A72: 07_32_01_009_04 | B72: Scope 3 - Gesamt | C72: Stationäre Verbrennung | D72: erneuerbare Brennstoffe | E72: feste Biomasse | F72: Pellets | H72: t | I72: 81.558862 | J72: 74.679662 | K72: 0.13935806 | L72: 0.011234616 | M72: 2024 | N72: 2025 | O72: Berechenbar mittels Emissionsbilanz erneuerbarer Energieträger (Lauf et al. 2026)
A73: 07_32_02_001_01 | B73: Scope 3 - Gesamt | C73: Stationäre Verbrennung | D73: fossile Brennstoffe | E73: Braunkohle | F73: Briketts | H73: kWh | I73: 0.44104302 | J73: 0.40832246 | K73: 0.0008717304 | L73: 3.136644e-05 | M73: 2024 | N73: 2025 | O73: Emissionsbilanz erneuerbarer Energieträger (Lauf et al. 2026)
A74: 07_32_02_001_04 | B74: Scope 3 - Gesamt | C74: Stationäre Verbrennung | D74: fossile Brennstoffe | E74: Braunkohle | F74: Briketts | H74: t | I74: 2353.6996 | J74: 2179.0809 | K74: 4.6521346 | L74: 0.16739223 | M74: 2024 | N74: 2025 | O74: Berechenbar mittels Emissionsbilanz erneuerbarer Energieträger (Lauf et al. 2026)
A75: 07_32_02_002_01 | B75: Scope 3 - Gesamt | C75: Stationäre Verbrennung | D75: fossile Brennstoffe | E75: flüssige Brennstoffe | F75: Heizöl, leicht | H75: kWh | I75: 0.31274603 | J75: 0.30991976 | K75: 6.883724e-05 | L75: 3.3918e-06 | M75: 2024 | N75: 2025 | O75: Emissionsbilanz erneuerbarer Energieträger (Lauf et al. 2026)
A76: 07_32_02_002_02 | B76: Scope 3 - Gesamt | C76: Stationäre Verbrennung | D76: fossile Brennstoffe | E76: flüssige Brennstoffe | F76: Heizöl, leicht | H76: l | I76: 3.0699567 | J76: 3.0422137 | K76: 0.00067571553 | L76: 3.3294361e-05 | M76: 2024 | N76: 2025 | O76: Berechenbar mittels Emissionsbilanz erneuerbarer Energieträger (Lauf et al. 2026)
A77: 07_32_02_002_04 | B77: Scope 3 - Gesamt | C77: Stationäre Verbrennung | D77: fossile Brennstoffe | E77: flüssige Brennstoffe | F77: Heizöl, leicht | H77: t | I77: 3698.7431 | J77: 3665.3177 | K77: 0.81411509 | L77: 0.040113688 | M77: 2024 | N77: 2025 | O77: Berechenbar mittels Emissionsbilanz erneuerbarer Energieträger (Lauf et al. 2026)
A78: 07_32_02_003_01 | B78: Scope 3 - Gesamt | C78: Stationäre Verbrennung | D78: fossile Brennstoffe | E78: flüssige Brennstoffe | F78: Dieselkraftstoff | H78: kWh | I78: 0.34242283 | J78: 0.33681302 | K78: 7.0467045e-05 | L78: 1.3723532e-05 | M78: 2024 | N78: 2025 | O78: Emissionsbilanz erneuerbarer Energieträger (Lauf et al. 2026)
A79: 07_32_02_003_02 | B79: Scope 3 - Gesamt | C79: Stationäre Verbrennung | D79: fossile Brennstoffe | E79: flüssige Brennstoffe | F79: Dieselkraftstoff | H79: l | I79: 3.3912096 | J79: 3.3356524 | K79: 0.00069787555 | L79: 0.000135912 | M79: 2024 | N79: 2025 | O79: Berechenbar mittels Emissionsbilanz erneuerbarer Energieträger (Lauf et al. 2026)
A80: 07_32_02_003_04 | B80: Scope 3 - Gesamt | C80: Stationäre Verbrennung | D80: fossile Brennstoffe | E80: flüssige Brennstoffe | F80: Dieselkraftstoff | H80: t | I80: 4075.9731 | J80: 4009.1976 | K80: 0.83879272 | L80: 0.16335577 | M80: 2024 | N80: 2025 | O80: Berechenbar mittels Emissionsbilanz erneuerbarer Energieträger (Lauf et al. 2026)
A81: 07_32_02_004_01 | B81: Scope 3 - Gesamt | C81: Stationäre Verbrennung | D81: fossile Brennstoffe | E81: Gase | F81: Erdgas (Heizwert) | H81: kWh | I81: 0.24231353 | J81: 0.22236451 | K81: 0.000699828 | L81: 1.3352105e-06 | M81: 2024 | N81: 2025 | O81: Emissionsbilanz erneuerbarer Energieträger (Lauf et al. 2026)
... A85: 07_32_02_006_04 | B85: Scope 3 - Gesamt | C85: Stationäre Verbrennung | D85: fossile Brennstoffe | E85: Steinkohle | F85: Kohle | H85: t | I85: 3443.5837 | J85: 2940.8222 | K85: 14.742543 | L85: 0.33951037 | M85: 2024 | N85: 2025 | O85: Berechenbar mittels Emissionsbilanz erneuerbarer Energieträger (Lauf et al. 2026)

Sheet 08_Dienstreisen_Arbeitswege_m.V
A1: 08 Dienstreisen und Arbeitswege | C1: Scope | D1: 3
A3: Biogene und fossile Brennstoffe nach Kraftstoffverbrauch sowie nach nach Strecke/Fahrzeug für Personenfahrzeuge nur Vorketten
A4: Anmerkungen: | B4: Die Emissionsfaktoren nach Kraftstoffverbrauch in dieser Tabelle sind "Well-to-tank-Werte".
A5: ID | B5: Scope | C5: Level 1 | D5: Level 2 | E5: Level 3 | F5: Level 4 | G5: Level 5 | H5: Level 6 | I5: Level 7 | J5: Einheit | K5: kg CO2e | L5: kg CO2 | M5: kg CH4 | N5: kg N2O | O5: Bezugsjahr | P5: Veröffentlichungsjahr | Q5: Quelle | R5: Anmerkungen
A6: 08_31_01_001_01 | B6: Scope 3 - Vorkette | C6: Dienstreise und Pendelverkehr | D6: nach Kraftstoffverbrauch | E6: Benzin/Ottokraftstoff | J6: kWh | K6: 0.083532022 | L6: 0.056005956 | M6: 0.00096866499 | N6: 1.522441e-06 | O6: 2024 | P6: 2025 | Q6: TREMOD 6.71B Transport Emission Model | R6: 100 % fossiler Kraftstoff
A7: 08_31_01_001_02 | B7: Scope 3 - Vorkette | C7: Dienstreise und Pendelverkehr | D7: nach Kraftstoffverbrauch | E7: Benzin/Ottokraftstoff | J7: l | K7: 0.74967452 | L7: 0.50263643 | M7: 0.0086934739 | N7: 1.3663446e-05 | O7: 2024 | P7: 2025 | Q7: TREMOD 6.71B Transport Emission Model | R7: 100 % fossiler Kraftstoff
A8: 08_31_01_001_04 | B8: Scope 3 - Vorkette | C8: Dienstreise und Pendelverkehr | D8: nach Kraftstoffverbrauch | E8: Benzin/Ottokraftstoff | J8: t | K8: 1010.343 | L8: 677.40759 | M8: 11.716272 | N8: 0.018414347 | O8: 2024 | P8: 2025 | Q8: TREMOD 6.71B Transport Emission Model | R8: 100 % fossiler Kraftstoff
A9: 08_31_01_002_01 | B9: Scope 3 - Vorkette | C9: Dienstreise und Pendelverkehr | D9: nach Kraftstoffverbrauch | E9: Biodiesel | J9: kWh | K9: 0.059502742 | L9: 0.051535339 | M9: 0.00015863231 | N9: 1.330452e-05 | O9: 2024 | P9: 2025 | Q9: TREMOD 6.71B Transport Emission Model
A10: 08_31_01_002_02 | B10: Scope 3 - Vorkette | C10: Dienstreise und Pendelverkehr | D10: nach Kraftstoffverbrauch | E10: Biodiesel | J10: l | K10: 0.54107361 | L10: 0.46862398 | M10: 0.001442484 | N10: 0.00012098139 | O10: 2024 | P10: 2025 | Q10: TREMOD 6.71B Transport Emission Model
A11: 08_31_01_002_04 | B11: Scope 3 - Vorkette | C11: Dienstreise und Pendelverkehr | D11: nach Kraftstoffverbrauch | E11: Biodiesel | J11: t | K11: 615.55587 | L11: 533.13309 | M11: 1.6410512 | N11: 0.13763526 | O11: 2024 | P11: 2025 | Q11: TREMOD 6.71B Transport Emission Model
A12: 08_31_01_003_01 | B12: Scope 3 - Vorkette | C12: Dienstreise und Pendelverkehr | D12: nach Kraftstoffverbrauch | E12: Bioethanol | J12: kWh | K12: 0.082931605 | L12: 0.062734416 | M12: 0.00026557309 | N12: 4.8155256e-05 | O12: 2024 | P12: 2025 | Q12: TREMOD 6.71B Transport Emission Model
A13: 08_31_01_003_02 | B13: Scope 3 - Vorkette | C13: Dienstreise und Pendelverkehr | D13: nach Kraftstoffverbrauch | E13: Bioethanol | J13: l | K13: 0.48514574 | L13: 0.36699319 | M13: 0.0015535893 | N13: 0.00028170584 | O13: 2024 | P13: 2025 | Q13: TREMOD 6.71B Transport Emission Model
A14: 08_31_01_003_04 | B14: Scope 3 - Vorkette | C14: Dienstreise und Pendelverkehr | D14: nach Kraftstoffverbrauch | E14: Bioethanol | J14: t | K14: 614.10853 | L14: 464.54835 | M14: 1.9665687 | N14: 0.35658967 | O14: 2024 | P14: 2025 | Q14: TREMOD 6.71B Transport Emission Model
A15: 08_31_01_004_01 | B15: Scope 3 - Vorkette | C15: Dienstreise und Pendelverkehr | D15: nach Kraftstoffverbrauch | E15: Biomethan | J15: kWh | K15: 0.081237508 | L15: 0.053387188 | M15: 0.00082626888 | N15: 1.7791668e-05 | O15: 2024 | P15: 2025 | Q15: TREMOD 6.71B Transport Emission Model
A16: 08_31_01_004_02 | B16: Scope 3 - Vorkette | C16: Dienstreise und Pendelverkehr | D16: nach Kraftstoffverbrauch | E16: Biomethan | J16: l | K16: 0.75131155 | L16: 0.49374251 | M16: 0.0076416101 | N16: 0.00016454328 | O16: 2024 | P16: 2025 | Q16: TREMOD 6.71B Transport Emission Model
A17: 08_31_01_004_04 | B17: Scope 3 - Vorkette | C17: Dienstreise und Pendelverkehr | D17: nach Kraftstoffverbrauch | E17: Biomethan | J17: t | K17: =K15*Umrechnungsfaktoren!$F$20 -> 1049.3178 | L17: =L15*Umrechnungsfaktoren!$F$20 -> 689.58451 | M17: =M15*Umrechnungsfaktoren!$F$20 -> 10.67264 | N17: =N15*Umrechnungsfaktoren!$F$20 -> 0.22980905 | O17: 2024 | P17: 2025 | Q17: TREMOD 6.71B Transport Emission Model
A18: 08_31_01_005_01 | B18: Scope 3 - Vorkette | C18: Dienstreise und Pendelverkehr | D18: nach Kraftstoffverbrauch | E18: Dieselkraftstoff | J18: kWh | K18: 0.084202762 | L18: 0.054978588 | M18: 0.001030972 | N18: 1.3470149e-06 | O18: 2024 | P18: 2025 | Q18: TREMOD 6.71B Transport Emission Model | R18: 100 % fossiler Kraftstoff
A19: 08_31_01_005_02 | B19: Scope 3 - Vorkette | C19: Dienstreise und Pendelverkehr | D19: nach Kraftstoffverbrauch | E19: Dieselkraftstoff | J19: l | K19: 0.83390823 | L19: 0.54448448 | M19: 0.010210307 | N19: 1.3340261e-05 | O19: 2024 | P19: 2025 | Q19: TREMOD 6.71B Transport Emission Model | R19: 100 % fossiler Kraftstoff
A20: 08_31_01_005_04 | B20: Scope 3 - Vorkette | C20: Dienstreise und Pendelverkehr | D20: nach Kraftstoffverbrauch | E20: Dieselkraftstoff | J20: t | K20: 1002.2935 | L20: 654.42846 | M20: 12.272003 | N20: 0.016033968 | O20: 2024 | P20: 2025 | Q20: TREMOD 6.71B Transport Emission Model | R20: 100 % fossiler Kraftstoff
A21: 08_31_01_006_01 | B21: Scope 3 - Vorkette | C21: Dienstreise und Pendelverkehr | D21: nach Kraftstoffverbrauch | E21: Erdgas (CNG) | J21: kWh | K21: 0.072909013 | L21: 0.036782712 | M21: 0.0012808613 | N21: 9.8938408e-07 | O21: 2024 | P21: 2025 | Q21: TREMOD 6.71B Transport Emission Model
A22: 08_31_01_006_05 | B22: Scope 3 - Vorkette | C22: Dienstreise und Pendelverkehr | D22: nach Kraftstoffverbrauch | E22: Erdgas (CNG) | J22: m³ | K22: 0.67428685 | L22: 0.34017878 | M22: 0.011845832 | N22: 9.1501538e-06 | O22: 2024 | P22: 2025 | Q22: TREMOD 6.71B Transport Emission Model
A23: 08_31_01_007_01 | B23: Scope 3 - Vorkette | C23: Dienstreise und Pendelverkehr | D23: nach Kraftstoffverbrauch | E23: Flugbenzin (AvGas) | J23: kWh | K23: 0.050729091 | L23: 0.048014314 | M23: 9.5996015e-05 | N23: 1.0146449e-07 | O23: 2024 | P23: 2025 | Q23: TREMOD 6.71B Transport Emission Model
A24: 08_31_01_007_02 | B24: Scope 3 - Vorkette | C24: Dienstreise und Pendelverkehr | D24: nach Kraftstoffverbrauch | E24: Flugbenzin (AvGas) | J24: l | K24: 0.455 | L24: 0.4306 | M24: 0.000861 | N24: 9.1e-07 | O24: 2024 | P24: 2025 | Q24: TREMOD 6.71B Transport Emission Model
A25: 08_31_01_007_04 | B25: Scope 3 - Vorkette | C25: Dienstreise und Pendelverkehr | D25: nach Kraftstoffverbrauch | E25: Flugbenzin (AvGas) | J25: t | K25: 613.20198 | L25: 580.38636 | M25: 1.1603785 | N25: 0.0012264802 | O25: 2024 | P25: 2025 | Q25: TREMOD 6.71B Transport Emission Model
A26: 08_31_01_009_01 | B26: Scope 3 - Vorkette | C26: Dienstreise und Pendelverkehr | D26: nach Kraftstoffverbrauch | E26: Flüssiggas (LPG) | J26: kWh | K26: 0.082482819 | L26: 0.053377622 | M26: 0.0010261071 | N26: 1.4120679e-06 | O26: 2024 | P26: 2025 | Q26: TREMOD 6.71B Transport Emission Model
A27: 08_31_01_009_02 | B27: Scope 3 - Vorkette | C27: Dienstreise und Pendelverkehr | D27: nach Kraftstoffverbrauch | E27: Flüssiggas (LPG) | J27: l | K27: 0.64058906 | L27: 0.4145484 | M27: 0.0079690899 | N27: 1.096659e-05 | O27: 2024 | P27: 2025 | Q27: TREMOD 6.71B Transport Emission Model
A28: 08_31_01_009_04 | B28: Scope 3 - Vorkette | C28: Dienstreise und Pendelverkehr | D28: nach Kraftstoffverbrauch | E28: Flüssiggas (LPG) | J28: t | K28: 1067.6484 | L28: 690.91401 | M28: 13.281817 | N28: 0.01827765 | O28: 2024 | P28: 2025 | Q28: TREMOD 6.71B Transport Emission Model
A29: 08_31_01_010_01 | B29: Scope 3 - Vorkette | C29: Dienstreise und Pendelverkehr | D29: nach Kraftstoffverbrauch | E29: Kerosin | J29: kWh | K29: 0.072948785 | L29: 0.045219452 | M29: 0.00097963308 | N29: 1.130594e-06 | O29: 2024 | P29: 2025 | Q29: TREMOD 6.71B Transport Emission Model
A30: 08_31_01_010_02 | B30: Scope 3 - Vorkette | C30: Dienstreise und Pendelverkehr | D30: nach Kraftstoffverbrauch | E30: Kerosin | J30: l | K30: 0.6938 | L30: 0.4301 | M30: 0.00932 | N30: 1.08e-05 | O30: 2024 | P30: 2025 | Q30: TREMOD 6.71B Transport Emission Model
A31: 08_31_01_010_04 | B31: Scope 3 - Vorkette | C31: Dienstreise und Pendelverkehr | D31: nach Kraftstoffverbrauch | E31: Kerosin | J31: t | K31: 867.28 | L31: 537.60904 | M31: 11.646749 | N31: 0.013441507 | O31: 2024 | P31: 2025 | Q31: TREMOD 6.71B Transport Emission Model
A32: 08_31_01_012_01 | B32: Scope 3 - Vorkette | C32: Dienstreise und Pendelverkehr | D32: nach Kraftstoffverbrauch | E32: Strom | J32: kWh | K32: 0.0553279 | L32: 0.032628829 | M32: 0.00065216451 | N32: 1.6748922e-05 | O32: 2024 | P32: 2025 | Q32: Emissionsbilanz erneuerbarer Energieträger (Lauf et al. 2026)
A34: Biogene und fossile Brennstoffe nach Kraftstoffverbrauch sowie nach nach Strecke/Fahrzeug für Personenfahrzeuge mit Vorketten
A35: Anmerkungen: | B35: Bei der Bilanzierung einer Fahrt ist entweder der Ansatz über die Strecke und den Fahrzeugtyp oder über den Kraftstoffverbrauch zu wählen. Die Emissionsfaktoren für den Kraftstoffverbrauch sind "Well-to-wheel-Werte".
B36: CO2eEWF umfasst neben den Emissionen an CO2-Äquivalenten den Emission Weighting Factor (EWF). Dieser Faktor berücksichtigt die durch den Flugverkehr entstehenden Nicht-CO2-Effekte wie NOx-Emissionen und Kondensstreifen und ist abhängig von der Reiseflughöhe und der atmosphärischen Situation. Durch Einbeziehung des EWF wird der höheren Klimawirksamkeit des Flugverkehrs Rechnung getragen.
A37: ID | B37: Scope | C37: Level 1 | D37: Level 2 | E37: Level 3 | F37: Level 4 | G37: Level 5 | H37: Level 6 | I37: Level 7 | J37: Einheit | K37: kg CO2e | L37: kg CO2 | M37: kg CH4 | N37: kg N2O | O37: Bezugsjahr | P37: Veröffentlichungsjahr | Q37: Quelle | R37: Anmerkungen
A38: 08_32_02_001_01 | B38: Scope 3 - Gesamt | C38: Dienstreise und Pendelverkehr | D38: nach Kraftstoffverbrauch | E38: Benzin/Ottokraftstoff | J38: kWh | K38: 0.34657656 | L38: 0.31803763 | M38: 0.00099420213 | N38: 2.6463014e-06 | O38: 2024 | P38: 2025 | Q38: TREMOD 6.71B Transport Emission Model | R38: 100 % fossiler Kraftstoff
A39: 08_32_02_001_02 | B39: Scope 3 - Gesamt | C39: Dienstreise und Pendelverkehr | D39: nach Kraftstoffverbrauch | E39: Benzin/Ottokraftstoff | J39: l | K39: 3.1104193 | L39: 2.8542911 | M39: 0.008922662 | N39: 2.3749751e-05 | O39: 2024 | P39: 2025 | Q39: TREMOD 6.71B Transport Emission Model | R39: 100 % fossiler Kraftstoff
A40: 08_32_02_001_04 | B40: Scope 3 - Gesamt | C40: Dienstreise und Pendelverkehr | D40: nach Kraftstoffverbrauch | E40: Benzin/Ottokraftstoff | J40: t | K40: 4191.9398 | L40: 3846.7535 | M40: 12.025151 | N40: 0.032007751 | O40: 2024 | P40: 2025 | Q40: TREMOD 6.71B Transport Emission Model | R40: 100 % fossiler Kraftstoff
A41: 08_32_02_002_01 | B41: Scope 3 - Gesamt | C41: Dienstreise und Pendelverkehr | D41: nach Kraftstoffverbrauch | E41: Biodiesel | J41: kWh | K41: 0.077219544 | L41: 0.06555374 | M41: 0.00017069407 | N41: 2.5986304e-05 | O41: 2024 | P41: 2025 | Q41: TREMOD 6.71B Transport Emission Model
A42: 08_32_02_002_02 | B42: Scope 3 - Gesamt | C42: Dienstreise und Pendelverkehr | D42: nach Kraftstoffverbrauch | E42: Biodiesel | J42: l | K42: 0.70217701 | L42: 0.59609687 | M42: 0.0015521647 | N42: 0.00023630009 | O42: 2024 | P42: 2025 | Q42: TREMOD 6.71B Transport Emission Model
A43: 08_32_02_002_04 | B43: Scope 3 - Gesamt | C43: Dienstreise und Pendelverkehr | D43: nach Kraftstoffverbrauch | E43: Biodiesel | J43: t | K43: 798.83619 | L43: 678.15344 | M43: 1.7658302 | N43: 0.26882831 | O43: 2024 | P43: 2025 | Q43: TREMOD 6.71B Transport Emission Model
A44: 08_32_02_003_01 | B44: Scope 3 - Gesamt | C44: Dienstreise und Pendelverkehr | D44: nach Kraftstoffverbrauch | E44: Bioethanol | J44: kWh | K44: 0.10112841 | L44: 0.079918358 | M44: 0.00029111023 | N44: 4.9279117e-05 | O44: 2024 | P44: 2025 | Q44: TREMOD 6.71B Transport Emission Model
A45: 08_32_02_003_02 | B45: Scope 3 - Gesamt | C45: Dienstreise und Pendelverkehr | D45: nach Kraftstoffverbrauch | E45: Bioethanol | J45: l | K45: 0.59159614 | L45: 0.4675184 | M45: 0.0017029803 | N45: 0.00028828037 | O45: 2024 | P45: 2025 | Q45: TREMOD 6.71B Transport Emission Model
A46: 08_32_02_003_04 | B46: Scope 3 - Gesamt | C46: Dienstreise und Pendelverkehr | D46: nach Kraftstoffverbrauch | E46: Bioethanol | J46: t | K46: 748.85588 | L46: 591.79544 | M46: 2.1556712 | N46: 0.36491186 | O46: 2024 | P46: 2025 | Q46: TREMOD 6.71B Transport Emission Model
A47: 08_32_02_004_01 | B47: Scope 3 - Gesamt | C47: Dienstreise und Pendelverkehr | D47: nach Kraftstoffverbrauch | E47: Biomethan | J47: kWh | K47: 0.083111109 | L47: 0.053387188 | M47: 0.00088602794 | N47: 1.8547695e-05 | O47: 2024 | P47: 2025 | Q47: TREMOD 6.71B Transport Emission Model
A48: 08_32_02_004_02 | B48: Scope 3 - Gesamt | C48: Dienstreise und Pendelverkehr | D48: nach Kraftstoffverbrauch | E48: Biomethan | J48: l | K48: 0.76863924 | L48: 0.49374251 | M48: 0.0081942817 | N48: 0.00017153526 | O48: 2024 | P48: 2025 | Q48: TREMOD 6.71B Transport Emission Model
A49: 08_32_02_004_04 | B49: Scope 3 - Gesamt | C49: Dienstreise und Pendelverkehr | D49: nach Kraftstoffverbrauch | E49: Biomethan | J49: t | K49: =K47*Umrechnungsfaktoren!$F$20 -> 1073.5185 | L49: =L47*Umrechnungsfaktoren!$F$20 -> 689.58451 | M49: =M47*Umrechnungsfaktoren!$F$20 -> 11.444528 | N49: =N47*Umrechnungsfaktoren!$F$20 -> 0.23957439 | O49: 2024 | P49: 2025 | Q49: TREMOD 6.71B Transport Emission Model
A50: 08_32_02_005_01 | B50: Scope 3 - Gesamt | C50: Dienstreise und Pendelverkehr | D50: nach Kraftstoffverbrauch | E50: Dieselkraftstoff | J50: kWh | K50: 0.35439667 | L50: 0.3214741 | M50: 0.0010430337 | N50: 1.4028799e-05 | O50: 2024 | P50: 2025 | Q50: TREMOD 6.71B Transport Emission Model | R50: 100 % fossiler Kraftstoff
A51: 08_32_02_005_02 | B51: Scope 3 - Gesamt | C51: Dienstreise und Pendelverkehr | D51: nach Kraftstoffverbrauch | E51: Dieselkraftstoff | J51: l | K51: 3.5097935 | L51: 3.1837423 | M51: 0.010329761 | N51: 0.00013893524 | O51: 2024 | P51: 2025 | Q51: TREMOD 6.71B Transport Emission Model | R51: 100 % fossiler Kraftstoff
A52: 08_32_02_005_04 | B52: Scope 3 - Gesamt | C52: Dienstreise und Pendelverkehr | D52: nach Kraftstoffverbrauch | E52: Dieselkraftstoff | J52: t | K52: 4218.5017 | L52: 3826.6133 | M52: 12.415578 | N52: 0.16698947 | O52: 2024 | P52: 2025 | Q52: TREMOD 6.71B Transport Emission Model | R52: 100 % fossiler Kraftstoff
A53: 08_32_02_006_01 | B53: Scope 3 - Gesamt | C53: Dienstreise und Pendelverkehr | D53: nach Kraftstoffverbrauch | E53: Erdgas (CNG) | J53: kWh | K53: 0.27764953 | L53: 0.23964963 | M53: 0.0013406203 | N53: 1.7454104e-06 | O53: 2024 | P53: 2025 | Q53: TREMOD 6.71B Transport Emission Model
A54: 08_32_02_006_05 | B54: Scope 3 - Gesamt | C54: Dienstreise und Pendelverkehr | D54: nach Kraftstoffverbrauch | E54: Erdgas (CNG) | J54: m³ | K54: 2.5677954 | L54: 2.2163597 | M54: 0.012398504 | N54: 1.6142137e-05 | O54: 2024 | P54: 2025 | Q54: TREMOD 6.71B Transport Emission Model
A55: 08_32_02_007_01 | B55: Scope 3 - Gesamt | C55: Dienstreise und Pendelverkehr | D55: nach Kraftstoffverbrauch | E55: Flugbenzin (AvGas) | J55: kWh | K55: 0.31178199 | L55: 0.30448908 | M55: 0.00018120436 | N55: 8.3742838e-06 | O55: 2024 | P55: 2025 | Q55: TREMOD 6.71B Transport Emission Model
A56: 08_32_02_007_02 | B56: Scope 3 - Gesamt | C56: Dienstreise und Pendelverkehr | D56: nach Kraftstoffverbrauch | E56: Flugbenzin (AvGas) | J56: l | K56: 2.7964 | L56: 2.731 | M56: 0.00163 | N56: 7.51e-05 | O56: 2024 | P56: 2025 | Q56: TREMOD 6.71B Transport Emission Model
A57: 08_32_02_007_04 | B57: Scope 3 - Gesamt | C57: Dienstreise und Pendelverkehr | D57: nach Kraftstoffverbrauch | E57: Flugbenzin (AvGas) | J57: t | K57: 3768.7514 | L57: 3680.5963 | M57: 2.1903581 | N57: 0.10122648 | O57: 2024 | P57: 2025 | Q57: TREMOD 6.71B Transport Emission Model
A58: 08_32_02_009_01 | B58: Scope 3 - Gesamt | C58: Dienstreise und Pendelverkehr | D58: nach Kraftstoffverbrauch | E58: Flüssiggas (LPG) | J58: kWh | K58: 0.32225823 | L58: 0.29217821 | M58: 0.0010329293 | N58: 4.3697997e-06 | O58: 2024 | P58: 2025 | Q58: TREMOD 6.71B Transport Emission Model
A59: 08_32_02_009_02 | B59: Scope 3 - Gesamt | C59: Dienstreise und Pendelverkehr | D59: nach Kraftstoffverbrauch | E59: Flüssiggas (LPG) | J59: l | K59: 2.5027648 | L59: 2.2691534 | M59: 0.008022073 | N59: 3.3937321e-05 | O59: 2024 | P59: 2025 | Q59: TREMOD 6.71B Transport Emission Model
A60: 08_32_02_009_04 | B60: Scope 3 - Gesamt | C60: Dienstreise und Pendelverkehr | D60: nach Kraftstoffverbrauch | E60: Flüssiggas (LPG) | J60: t | K60: 4171.2747 | L60: 3781.9223 | M60: 13.370122 | N60: 0.056562202 | O60: 2024 | P60: 2025 | Q60: TREMOD 6.71B Transport Emission Model
A61: 08_32_02_010_01 | B61: Scope 3 - Gesamt | C61: Dienstreise und Pendelverkehr | D61: nach Kraftstoffverbrauch | E61: Kerosin | J61: kWh | K61: 0.33893712 | L61: 0.30894104 | M61: 0.00098142983 | N61: 9.4944888e-06 | O61: 2024 | P61: 2025 | Q61: TREMOD 6.71B Transport Emission Model
A62: 08_32_02_010_02 | B62: Scope 3 - Gesamt | C62: Dienstreise und Pendelverkehr | D62: nach Kraftstoffverbrauch | E62: Kerosin | J62: l | K62: 3.2237 | L62: 2.9384 | M62: 0.00933 | N62: 9.03e-05 | O62: 2024 | P62: 2025 | Q62: TREMOD 6.71B Transport Emission Model
A63: 08_32_02_010_04 | B63: Scope 3 - Gesamt | C63: Dienstreise und Pendelverkehr | D63: nach Kraftstoffverbrauch | E63: Kerosin | J63: t | K63: 4029.5858 | L63: 3672.9658 | M63: 11.66811 | N63: 0.11287892 | O63: 2024 | P63: 2025 | Q63: TREMOD 6.71B Transport Emission Model
A64: 08_32_02_012_01 | B64: Scope 3 - Gesamt | C64: Dienstreise und Pendelverkehr | D64: nach Kraftstoffverbrauch | E64: Strom | J64: kWh | K64: 0.4269124 | L64: 0.39601552 | M64: 0.00084661255 | N64: 2.7138602e-05 | O64: 2024 | P64: 2025 | Q64: Emissionsbilanz erneuerbarer Energieträger (Lauf et al. 2026)
A65: 08_32_03_015_06 | B65: Scope 3 - Gesamt | C65: Dienstreise und Pendelverkehr | D65: nach Strecke/Fahrzeug | E65: Land | F65: Pkw | G65: Benzinmotor | H65: Unbekannter Straßentyp/Durchschnitt | J65: km | K65: 0.22849522 | L65: 0.2094596 | M65: 0.00064975 | N65: 3.18e-06 | O65: 2024 | P65: 2025 | Q65: TREMOD 6.71B Transport Emission Model
A66: 08_32_03_015_09 | B66: Scope 3 - Gesamt | C66: Dienstreise und Pendelverkehr | D66: nach Strecke/Fahrzeug | E66: Land | F66: Pkw | G66: Benzinmotor | H66: Unbekannter Straßentyp/Durchschnitt | J66: pkm | K66: 0.16471802 | L66: 0.15099558 | M66: 0.00046839 | N66: 2.29e-06 | O66: 2024 | P66: 2025 | Q66: TREMOD 6.71B Transport Emission Model
A67: 08_32_03_016_06 | B67: Scope 3 - Gesamt | C67: Dienstreise und Pendelverkehr | D67: nach Strecke/Fahrzeug | E67: Land | F67: Pkw | G67: Dieselmotor | H67: Unbekannter Straßentyp/Durchschnitt | J67: km | K67: 0.24233018 | L67: 0.219584 | M67: 0.00071141 | N67: 1.067e-05 | O67: 2024 | P67: 2025 | Q67: TREMOD 6.71B Transport Emission Model
A68: 08_32_03_016_09 | B68: Scope 3 - Gesamt | C68: Dienstreise und Pendelverkehr | D68: nach Strecke/Fahrzeug | E68: Land | F68: Pkw | G68: Dieselmotor | H68: Unbekannter Straßentyp/Durchschnitt | J68: pkm | K68: 0.17469138 | L68: 0.15829408 | M68: 0.00051284 | N68: 7.69e-06 | O68: 2024 | P68: 2025 | Q68: TREMOD 6.71B Transport Emission Model
A69: 08_32_03_017_06 | B69: Scope 3 - Gesamt | C69: Dienstreise und Pendelverkehr | D69: nach Strecke/Fahrzeug | E69: Land | F69: Pkw | G69: Elektromotor | H69: Unbekannter Straßentyp/Durchschnitt | J69: km | K69: 0.09647688 | L69: 0.08949457 | M69: 0.00019132 | N69: 6.13e-06 | O69: 2024 | P69: 2025 | Q69: TREMOD 6.71B Transport Emission Model
A70: 08_32_03_017_09 | B70: Scope 3 - Gesamt | C70: Dienstreise und Pendelverkehr | D70: nach Strecke/Fahrzeug | E70: Land | F70: Pkw | G70: Elektromotor | H70: Unbekannter Straßentyp/Durchschnitt | J70: pkm | K70: 0.06954841 | L70: 0.06451499 | M70: 0.00013792 | N70: 4.42e-06 | O70: 2024 | P70: 2025 | Q70: TREMOD 6.71B Transport Emission Model
A71: 08_32_03_018_06 | B71: Scope 3 - Gesamt | C71: Dienstreise und Pendelverkehr | D71: nach Strecke/Fahrzeug | E71: Land | F71: Pkw | G71: Plug-In-Hybrid, Benzin-Elektro | H71: Unbekannter Straßentyp/Durchschnitt | J71: km | K71: 0.15123328 | L71: 0.13915361 | M71: 0.0003954 | N71: 3.81e-06 | O71: 2024 | P71: 2025 | Q71: TREMOD 6.71B Transport Emission Model
A72: 08_32_03_018_09 | B72: Scope 3 - Gesamt | C72: Dienstreise und Pendelverkehr | D72: nach Strecke/Fahrzeug | E72: Land | F72: Pkw | G72: Plug-In-Hybrid, Benzin-Elektro | H72: Unbekannter Straßentyp/Durchschnitt | J72: pkm | K72: 0.1090213 | L72: 0.10031329 | M72: 0.00028504 | N72: 2.74e-06 | O72: 2024 | P72: 2025 | Q72: TREMOD 6.71B Transport Emission Model
A73: 08_32_03_019_06 | B73: Scope 3 - Gesamt | C73: Dienstreise und Pendelverkehr | D73: nach Strecke/Fahrzeug | E73: Land | F73: Pkw | G73: Unbekannter Antrieb/Durchschnitt | H73: Unbekannter Straßentyp/Durchschnitt | J73: km | K73: 0.22774299 | L73: 0.20773713 | M73: 0.00065463 | N73: 6.33e-06 | O73: 2024 | P73: 2025 | Q73: TREMOD 6.71B Transport Emission Model
A74: 08_32_03_019_09 | B74: Scope 3 - Gesamt | C74: Dienstreise und Pendelverkehr | D74: nach Strecke/Fahrzeug | E74: Land | F74: Pkw | G74: Unbekannter Antrieb/Durchschnitt | H74: Unbekannter Straßentyp/Durchschnitt | J74: pkm | K74: 0.16417574 | L74: 0.14975389 | M74: 0.00047191 | N74: 4.56e-06 | O74: 2024 | P74: 2025 | Q74: TREMOD 6.71B Transport Emission Model
A75: 08_32_03_020_06 | B75: Scope 3 - Gesamt | C75: Dienstreise und Pendelverkehr | D75: nach Strecke/Fahrzeug | E75: Land | F75: Motorisiertes Zweirad | G75: Benzinmotor | H75: Kleinkraftrad | J75: km | K75: 0.08642828 | L75: 0.06833737 | M75: 0.00062905 | N75: 1.8e-06 | O75: 2024 | P75: 2025 | Q75: TREMOD 6.71B Transport Emission Model
A76: 08_32_03_021_06 | B76: Scope 3 - Gesamt | C76: Dienstreise und Pendelverkehr | D76: nach Strecke/Fahrzeug | E76: Land | F76: Motorisiertes Zweirad | G76: Benzinmotor | H76: Motorrad | J76: km | K76: 0.16540152 | L76: 0.15013426 | M76: 0.00050966 | N76: 3.76e-06 | O76: 2024 | P76: 2025 | Q76: TREMOD 6.71B Transport Emission Model
... A80: 08_32_03_025_06 | B80: Scope 3 - Gesamt | C80: Dienstreise und Pendelverkehr | D80: nach Strecke/Fahrzeug | E80: Land | F80: Motorisiertes Zweirad | G80: Unbekannter Antrieb/Durchschnitt | H80: Motorrad | J80: km | K80: 0.16449 | L80: 0.14931196 | M80: 0.00050657 | N80: 3.75e-06 | O80: 2024 | P80: 2025 | Q80: TREMOD 6.71B Transport Emission Model
A81: 08_32_03_026_06 | B81: Scope 3 - Gesamt | C81: Dienstreise und Pendelverkehr | D81: nach Strecke/Fahrzeug | E81: Land | F81: E-Bike | G81: Elektromotor | J81: km | K81: 0.00298839 | L81: 0.00277211 | M81: 5.93e-06 | N81: 1.9e-07 | O81: 2024 | P81: 2025 | Q81: TREMOD 6.71B Transport Emission Model
A82: 08_32_03_027_09 | B82: Scope 3 - Gesamt | C82: Dienstreise und Pendelverkehr | D82: nach Strecke/Fahrzeug | E82: Land | F82: Bus | G82: Dieselmotor | H82: (Stadt-)Linienbus | J82: pkm | K82: 0.09377302 | L82: 0.08520791 | M82: 0.00027251 | N82: 3.53e-06 | O82: 2024 | P82: 2025 | Q82: TREMOD 6.71B Transport Emission Model
A83: 08_32_03_028_09 | B83: Scope 3 - Gesamt | C83: Dienstreise und Pendelverkehr | D83: nach Strecke/Fahrzeug | E83: Land | F83: Bus | G83: Dieselmotor | H83: Fernlinienbus | J83: pkm | K83: 0.02997406 | L83: 0.02723168 | M83: 8.709e-05 | N83: 1.15e-06 | O83: 2024 | P83: 2025 | Q83: TREMOD 6.71B Transport Emission Model
A84: 08_32_03_029_09 | B84: Scope 3 - Gesamt | C84: Dienstreise und Pendelverkehr | D84: nach Strecke/Fahrzeug | E84: Land | F84: Bus | G84: Dieselmotor | H84: Sonstiger Busverkehr | J84: pkm | K84: 0.03284724 | L84: 0.02984708 | M84: 9.547e-05 | N84: 1.23e-06 | O84: 2024 | P84: 2025 | Q84: TREMOD 6.71B Transport Emission Model
A85: 08_32_03_030_09 | B85: Scope 3 - Gesamt | C85: Dienstreise und Pendelverkehr | D85: nach Strecke/Fahrzeug | E85: Land | F85: Bus | G85: Elektromotor | H85: Sonstiger Busverkehr | J85: pkm | K85: 0.02090809 | L85: 0.01939491 | M85: 4.146e-05 | N85: 1.33e-06 | O85: 2024 | P85: 2025 | Q85: TREMOD 6.71B Transport Emission Model
A86: 08_32_03_031_09 | B86: Scope 3 - Gesamt | C86: Dienstreise und Pendelverkehr | D86: nach Strecke/Fahrzeug | E86: Land | F86: Bus | G86: Unbekannter Antrieb/Durchschnitt | H86: Sonstiger Busverkehr | J86: pkm | K86: 0.03279699 | L86: 0.02980308 | M86: 9.525e-05 | N86: 1.23e-06 | O86: 2024 | P86: 2025 | Q86: TREMOD 6.71B Transport Emission Model
A87: 08_32_03_032_09 | B87: Scope 3 - Gesamt | C87: Dienstreise und Pendelverkehr | D87: nach Strecke/Fahrzeug | E87: Land | F87: Bus | G87: Elektromotor | H87: (Stadt-)Linienbus | J87: pkm | K87: 0.06189777 | L87: 0.05741805 | M87: 0.00012275 | N87: 3.93e-06 | O87: 2024 | P87: 2025 | Q87: TREMOD 6.71B Transport Emission Model
A88: 08_32_03_033_09 | B88: Scope 3 - Gesamt | C88: Dienstreise und Pendelverkehr | D88: nach Strecke/Fahrzeug | E88: Land | F88: Bus | G88: Erdgas (CNG) | H88: (Stadt-)Linienbus | J88: pkm | K88: 0.03510692 | L88: 0.02562983 | M88: 0.0002944 | N88: 4.66e-06 | O88: 2024 | P88: 2025 | Q88: TREMOD 6.71B Transport Emission Model
A89: 08_32_03_034_09 | B89: Scope 3 - Gesamt | C89: Dienstreise und Pendelverkehr | D89: nach Strecke/Fahrzeug | E89: Land | F89: Bus | G89: Unbekannter Antrieb/Durchschnitt | H89: (Stadt-)Linienbus | J89: pkm | K89: 0.09014204 | L89: 0.08188488 | M89: 0.00026154 | N89: 3.52e-06 | O89: 2024 | P89: 2025 | Q89: TREMOD 6.71B Transport Emission Model
A90: 08_32_03_035_09 | B90: Scope 3 - Gesamt | C90: Dienstreise und Pendelverkehr | D90: nach Strecke/Fahrzeug | E90: Land | F90: Zug | G90: Dieseltraktion | H90: Nahverkehr | J90: pkm | K90: 0.07749592 | L90: 0.07079613 | M90: 0.00022694 | N90: 1.3e-06 | O90: 2024 | P90: 2025 | Q90: TREMOD 6.71B Transport Emission Model
A91: 08_32_03_036_09 | B91: Scope 3 - Gesamt | C91: Dienstreise und Pendelverkehr | D91: nach Strecke/Fahrzeug | E91: Land | F91: Zug | G91: Dieseltraktion | H91: Nationaler Fernverkehr | J91: pkm | K91: 0.057348 | L91: 0.05238781 | M91: 0.00016802 | N91: 9.6e-07 | O91: 2024 | P91: 2025 | Q91: TREMOD 6.71B Transport Emission Model
A92: 08_32_03_037_09 | B92: Scope 3 - Gesamt | C92: Dienstreise und Pendelverkehr | D92: nach Strecke/Fahrzeug | E92: Land | F92: Zug | G92: Elektrotraktion | H92: Nahverkehr | J92: pkm | K92: 0.03504038 | L92: 0.03250441 | M92: 6.949e-05 | N92: 2.23e-06 | O92: 2024 | P92: 2025 | Q92: TREMOD 6.71B Transport Emission Model
A93: 08_32_03_038_09 | B93: Scope 3 - Gesamt | C93: Dienstreise und Pendelverkehr | D93: nach Strecke/Fahrzeug | E93: Land | F93: Zug | G93: Elektrotraktion | H93: Nationaler Fernverkehr | J93: pkm | K93: 0.0256607 | L93: 0.02380356 | M93: 5.089e-05 | N93: 1.63e-06 | O93: 2024 | P93: 2025 | Q93: TREMOD 6.71B Transport Emission Model
... A95: 08_32_03_040_09 | B95: Scope 3 - Gesamt | C95: Dienstreise und Pendelverkehr | D95: nach Strecke/Fahrzeug | E95: Land | F95: Zug | G95: Unbekannter Antrieb/Durchschnitt | H95: Nahverkehr | J95: pkm | K95: 0.04353713 | L95: 0.04016785 | M95: 0.000101 | N95: 2.04e-06 | O95: 2024 | P95: 2025 | Q95: TREMOD 6.71B Transport Emission Model
A96: 08_32_03_049_09 | B96: Scope 3 - Gesamt | C96: Dienstreise und Pendelverkehr | D96: nach Strecke/Fahrzeug | E96: Luft | F96: Flugzeug | G96: Kerosin | H96: National | I96: bis 500 km | J96: pkm | K96: 0.22514941 | L96: 0.20504854 | M96: 0.000654825 | N96: 6.66333e-06 | O96: 2024 | P96: 2025 | Q96: TREMOD 6.71B Transport Emission Model
A97: 08_32_03_049_XX | B97: Scope 3 - Gesamt | C97: Dienstreise und Pendelverkehr | D97: nach Strecke/Fahrzeug | E97: Luft | F97: Flugzeug | G97: Kerosin | H97: National | I97: bis 500 km | J97: kg CO2eEWF / pkm | K97: 0.30208552 | O97: 2024 | P97: 2025 | Q97: TREMOD 6.71B Transport Emission Model | R97: EWF 1,45
A98: 08_32_03_050_09 | B98: Scope 3 - Gesamt | C98: Dienstreise und Pendelverkehr | D98: nach Strecke/Fahrzeug | E98: Luft | F98: Flugzeug | G98: Kerosin | H98: National | I98: 500 bis 1000 km | J98: pkm | K98: 0.17056344 | L98: 0.15536999 | M98: 0.000495377 | N98: 4.99209e-06 | O98: 2024 | P98: 2025 | Q98: TREMOD 6.71B Transport Emission Model
A99: 08_32_03_050_XX | B99: Scope 3 - Gesamt | C99: Dienstreise und Pendelverkehr | D99: nach Strecke/Fahrzeug | E99: Luft | F99: Flugzeug | G99: Kerosin | H99: National | I99: 500 bis 1000 km | J99: kg CO2eEWF / pkm | K99: 0.2594825 | O99: 2024 | P99: 2025 | Q99: TREMOD 6.71B Transport Emission Model | R99: EWF 1,68
A100: 08_32_03_057_09 | B100: Scope 3 - Gesamt | C100: Dienstreise und Pendelverkehr | D100: nach Strecke/Fahrzeug | E100: Luft | F100: Flugzeug | G100: Kerosin | H100: National | I100: Unbekannt | J100: pkm | K100: 0.20927381 | L100: 0.19060019 | M100: 0.00060845 | N100: 6.18e-06 | O100: 2024 | P100: 2025 | Q100: TREMOD 6.71B Transport Emission Model
A101: 08_32_03_057_XX | B101: Scope 3 - Gesamt | C101: Dienstreise und Pendelverkehr | D101: nach Strecke/Fahrzeug | E101: Luft | F101: Flugzeug | G101: Kerosin | H101: National | I101: Unbekannt | J101: kg CO2eEWF / pkm | K101: 0.289695 | O101: 2024 | P101: 2025 | Q101: TREMOD 6.71B Transport Emission Model | R101: EWF 1,50
A102: 08_32_03_051_09 | B102: Scope 3 - Gesamt | C102: Dienstreise und Pendelverkehr | D102: nach Strecke/Fahrzeug | E102: Luft | F102: Flugzeug | G102: Kerosin | H102: International (von einem Dt. Flughafen bis zum ersten Stopp) | I102: bis 500 km | J102: pkm | K102: 0.22932672 | L102: 0.20897929 | M102: 0.000667233 | N102: 6.2827e-06 | O102: 2024 | P102: 2025 | Q102: TREMOD 6.71B Transport Emission Model
A103: 08_32_03_051_XX | B103: Scope 3 - Gesamt | C103: Dienstreise und Pendelverkehr | D103: nach Strecke/Fahrzeug | E103: Luft | F103: Flugzeug | G103: Kerosin | H103: International (von einem Dt. Flughafen bis zum ersten Stopp) | I103: bis 500 km | J103: kg CO2eEWF / pkm | K103: 0.29424996 | O103: 2024 | P103: 2025 | Q103: TREMOD 6.71B Transport Emission Model | R103: EWF 1,37
A104: 08_32_03_052_09 | B104: Scope 3 - Gesamt | C104: Dienstreise und Pendelverkehr | D104: nach Strecke/Fahrzeug | E104: Luft | F104: Flugzeug | G104: Kerosin | H104: International (von einem Dt. Flughafen bis zum ersten Stopp) | I104: 500 bis 1000 km | J104: pkm | K104: 0.13987623 | L104: 0.1274827 | M104: 0.000406039 | N104: 3.86577e-06 | O104: 2024 | P104: 2025 | Q104: TREMOD 6.71B Transport Emission Model
A105: 08_32_03_052_XX | B105: Scope 3 - Gesamt | C105: Dienstreise und Pendelverkehr | D105: nach Strecke/Fahrzeug | E105: Luft | F105: Flugzeug | G105: Kerosin | H105: International (von einem Dt. Flughafen bis zum ersten Stopp) | I105: 500 bis 1000 km | J105: kg CO2eEWF / pkm | K105: 0.22252314 | O105: 2024 | P105: 2025 | Q105: TREMOD 6.71B Transport Emission Model | R105: EWF 1,77
A106: 08_32_03_053_09 | B106: Scope 3 - Gesamt | C106: Dienstreise und Pendelverkehr | D106: nach Strecke/Fahrzeug | E106: Luft | F106: Flugzeug | G106: Kerosin | H106: International (von einem Dt. Flughafen bis zum ersten Stopp) | I106: 1000 bis 2000 km | J106: pkm | K106: 0.095119062 | L106: 0.086703555 | M106: 0.00027551 | N106: 2.64611e-06 | O106: 2024 | P106: 2025 | Q106: TREMOD 6.71B Transport Emission Model
...

Sheet 09_Gütertransport_m.V.
A1: 09 Gütertransport | C1: Scope | D1: 3
A3: Biogene und fossile Brennstoffe nach Kraftstoffverbrauch sowie nach nach Strecke/Fahrzeug für Güterfahrzeuge nur Vorketten
A4: Anmerkungen: | B4: Die Emissionsfaktoren nach Kraftstoffverbrauch in dieser Tabelle sind "Well-to-tank-Werte".
A5: ID | B5: Scope | C5: Level 1 | D5: Level 2 | E5: Level 3 | F5: Level 4 | G5: Level 5 | H5: Level 6 | I5: Level 7 | J5: Level 8 | K5: Einheit | L5: kg CO2e | M5: kg CO2 | N5: kg CH4 | O5: kg N2O | P5: Bezugsjahr | Q5: Veröffentlichungsjahr | R5: Quelle | S5: Anmerkungen
A6: 09_31_01_001_01 | B6: Scope 3 - Vorkette | C6: Gütertransport | D6: nach Kraftstoffverbrauch | E6: Benzin/Ottokraftstoff | K6: kWh | L6: 0.083532022 | M6: 0.056005956 | N6: 0.00096866499 | O6: 1.522441e-06 | P6: 2024 | Q6: 2025 | R6: TREMOD 6.71B Transport Emission Model | S6: 100 % fossiler Kraftstoff
A7: 09_31_01_001_02 | B7: Scope 3 - Vorkette | C7: Gütertransport | D7: nach Kraftstoffverbrauch | E7: Benzin/Ottokraftstoff | K7: l | L7: 0.74967452 | M7: 0.50263643 | N7: 0.0086934739 | O7: 1.3663446e-05 | P7: 2024 | Q7: 2025 | R7: TREMOD 6.71B Transport Emission Model | S7: 100 % fossiler Kraftstoff
A8: 09_31_01_001_04 | B8: Scope 3 - Vorkette | C8: Gütertransport | D8: nach Kraftstoffverbrauch | E8: Benzin/Ottokraftstoff | K8: t | L8: 1010.343 | M8: 677.40759 | N8: 11.716272 | O8: 0.018414347 | P8: 2024 | Q8: 2025 | R8: TREMOD 6.71B Transport Emission Model | S8: 100 % fossiler Kraftstoff
A9: 09_31_01_002_01 | B9: Scope 3 - Vorkette | C9: Gütertransport | D9: nach Kraftstoffverbrauch | E9: Biodiesel | K9: kWh | L9: 0.059502742 | M9: 0.051535339 | N9: 0.00015863231 | O9: 1.330452e-05 | P9: 2024 | Q9: 2025 | R9: TREMOD 6.71B Transport Emission Model
A10: 09_31_01_002_02 | B10: Scope 3 - Vorkette | C10: Gütertransport | D10: nach Kraftstoffverbrauch | E10: Biodiesel | K10: l | L10: 0.54107361 | M10: 0.46862398 | N10: 0.001442484 | O10: 0.00012098139 | P10: 2024 | Q10: 2025 | R10: TREMOD 6.71B Transport Emission Model
A11: 09_31_01_002_04 | B11: Scope 3 - Vorkette | C11: Gütertransport | D11: nach Kraftstoffverbrauch | E11: Biodiesel | K11: t | L11: 615.55587 | M11: 533.13309 | N11: 1.6410512 | O11: 0.13763526 | P11: 2024 | Q11: 2025 | R11: TREMOD 6.71B Transport Emission Model
A12: 09_31_01_003_01 | B12: Scope 3 - Vorkette | C12: Gütertransport | D12: nach Kraftstoffverbrauch | E12: Bioethanol | K12: kWh | L12: 0.082931605 | M12: 0.062734416 | N12: 0.00026557309 | O12: 4.8155256e-05 | P12: 2024 | Q12: 2025 | R12: TREMOD 6.71B Transport Emission Model
A13: 09_31_01_003_02 | B13: Scope 3 - Vorkette | C13: Gütertransport | D13: nach Kraftstoffverbrauch | E13: Bioethanol | K13: l | L13: 0.48514574 | M13: 0.36699319 | N13: 0.0015535893 | O13: 0.00028170584 | P13: 2024 | Q13: 2025 | R13: TREMOD 6.71B Transport Emission Model
A14: 09_31_01_003_04 | B14: Scope 3 - Vorkette | C14: Gütertransport | D14: nach Kraftstoffverbrauch | E14: Bioethanol | K14: t | L14: 614.10853 | M14: 464.54835 | N14: 1.9665687 | O14: 0.35658967 | P14: 2024 | Q14: 2025 | R14: TREMOD 6.71B Transport Emission Model
A15: 09_31_01_004_01 | B15: Scope 3 - Vorkette | C15: Gütertransport | D15: nach Kraftstoffverbrauch | E15: Biomethan | K15: kWh | L15: 0.081237508 | M15: 0.053387188 | N15: 0.00082626888 | O15: 1.7791668e-05 | P15: 2024 | Q15: 2025 | R15: TREMOD 6.71B Transport Emission Model
A16: 09_31_01_004_02 | B16: Scope 3 - Vorkette | C16: Gütertransport | D16: nach Kraftstoffverbrauch | E16: Biomethan | K16: l | L16: 0.75131155 | M16: 0.49374251 | N16: 0.0076416101 | O16: 0.00016454328 | P16: 2024 | Q16: 2025 | R16: TREMOD 6.71B Transport Emission Model
A17: 09_31_01_004_04 | B17: Scope 3 - Vorkette | C17: Gütertransport | D17: nach Kraftstoffverbrauch | E17: Biomethan | K17: t | L17: =L15*Umrechnungsfaktoren!$F$20 -> 1049.3178 | M17: =M15*Umrechnungsfaktoren!$F$20 -> 689.58451 | N17: =N15*Umrechnungsfaktoren!$F$20 -> 10.67264 | O17: =O15*Umrechnungsfaktoren!$F$20 -> 0.22980905 | P17: 2024 | Q17: 2025 | R17: TREMOD 6.71B Transport Emission Model
A18: 09_31_01_005_01 | B18: Scope 3 - Vorkette | C18: Gütertransport | D18: nach Kraftstoffverbrauch | E18: Dieselkraftstoff | K18: kWh | L18: 0.084202762 | M18: 0.054978588 | N18: 0.001030972 | O18: 1.3470149e-06 | P18: 2024 | Q18: 2025 | R18: TREMOD 6.71B Transport Emission Model | S18: 100 % fossiler Kraftstoff
A19: 09_31_01_005_02 | B19: Scope 3 - Vorkette | C19: Gütertransport | D19: nach Kraftstoffverbrauch | E19: Dieselkraftstoff | K19: l | L19: 0.83390823 | M19: 0.54448448 | N19: 0.010210307 | O19: 1.3340261e-05 | P19: 2024 | Q19: 2025 | R19: TREMOD 6.71B Transport Emission Model | S19: 100 % fossiler Kraftstoff
A20: 09_31_01_005_04 | B20: Scope 3 - Vorkette | C20: Gütertransport | D20: nach Kraftstoffverbrauch | E20: Dieselkraftstoff | K20: t | L20: 1002.2935 | M20: 654.42846 | N20: 12.272003 | O20: 0.016033968 | P20: 2024 | Q20: 2025 | R20: TREMOD 6.71B Transport Emission Model | S20: 100 % fossiler Kraftstoff
A21: 09_31_01_006_01 | B21: Scope 3 - Vorkette | C21: Gütertransport | D21: nach Kraftstoffverbrauch | E21: Erdgas (CNG) | K21: kWh | L21: 0.072909013 | M21: 0.036782712 | N21: 0.0012808613 | O21: 9.8938408e-07 | P21: 2024 | Q21: 2025 | R21: TREMOD 6.71B Transport Emission Model
A22: 09_31_01_006_05 | B22: Scope 3 - Vorkette | C22: Gütertransport | D22: nach Kraftstoffverbrauch | E22: Erdgas (CNG) | K22: m³ | L22: 0.67428685 | M22: 0.34017878 | N22: 0.011845832 | O22: 9.1501538e-06 | P22: 2024 | Q22: 2025 | R22: TREMOD 6.71B Transport Emission Model
A23: 09_31_01_007_01 | B23: Scope 3 - Vorkette | C23: Gütertransport | D23: nach Kraftstoffverbrauch | E23: Flugbenzin (AvGas) | K23: kWh | L23: 0.050729091 | M23: 0.048014314 | N23: 9.5996015e-05 | O23: 1.0146449e-07 | P23: 2024 | Q23: 2025 | R23: TREMOD 6.71B Transport Emission Model
A24: 09_31_01_007_02 | B24: Scope 3 - Vorkette | C24: Gütertransport | D24: nach Kraftstoffverbrauch | E24: Flugbenzin (AvGas) | K24: l | L24: 0.455 | M24: 0.4306 | N24: 0.000861 | O24: 9.1e-07 | P24: 2024 | Q24: 2025 | R24: TREMOD 6.71B Transport Emission Model
A25: 09_31_01_007_04 | B25: Scope 3 - Vorkette | C25: Gütertransport | D25: nach Kraftstoffverbrauch | E25: Flugbenzin (AvGas) | K25: t | L25: 613.20198 | M25: 580.38636 | N25: 1.1603785 | O25: 0.0012264802 | P25: 2024 | Q25: 2025 | R25: TREMOD 6.71B Transport Emission Model
A26: 09_31_01_008_01 | B26: Scope 3 - Vorkette | C26: Gütertransport | D26: nach Kraftstoffverbrauch | E26: Flüssigerdgas (LNG) | K26: kWh | L26: 0.072909013 | M26: 0.036782712 | N26: 0.0012808613 | O26: 9.8938408e-07 | P26: 2024 | Q26: 2025 | R26: TREMOD 6.71B Transport Emission Model
A27: 09_31_01_008_05 | B27: Scope 3 - Vorkette | C27: Gütertransport | D27: nach Kraftstoffverbrauch | E27: Flüssigerdgas (LNG) | K27: m³ | L27: 0.67428685 | M27: 0.34017878 | N27: 0.011845832 | O27: 9.1501538e-06 | P27: 2024 | Q27: 2025 | R27: TREMOD 6.71B Transport Emission Model
A28: 09_31_01_008_04 | B28: Scope 3 - Vorkette | C28: Gütertransport | D28: nach Kraftstoffverbrauch | E28: Flüssigerdgas (LNG) | K28: t | L28: 941.74141 | M28: 475.11003 | N28: 16.544458 | O28: 0.012779544 | P28: 2024 | Q28: 2025 | R28: TREMOD 6.71B Transport Emission Model
A29: 09_31_01_010_01 | B29: Scope 3 - Vorkette | C29: Gütertransport | D29: nach Kraftstoffverbrauch | E29: Kerosin | K29: kWh | L29: 0.072948785 | M29: 0.045219452 | N29: 0.00097963308 | O29: 1.130594e-06 | P29: 2024 | Q29: 2025 | R29: TREMOD 6.71B Transport Emission Model
A30: 09_31_01_010_02 | B30: Scope 3 - Vorkette | C30: Gütertransport | D30: nach Kraftstoffverbrauch | E30: Kerosin | K30: l | L30: 0.6938 | M30: 0.4301 | N30: 0.00932 | O30: 1.08e-05 | P30: 2024 | Q30: 2025 | R30: TREMOD 6.71B Transport Emission Model
A31: 09_31_01_010_04 | B31: Scope 3 - Vorkette | C31: Gütertransport | D31: nach Kraftstoffverbrauch | E31: Kerosin | K31: t | L31: 867.28 | M31: 537.60904 | N31: 11.646749 | O31: 0.013441507 | P31: 2024 | Q31: 2025 | R31: TREMOD 6.71B Transport Emission Model
A32: 09_31_01_011_01 | B32: Scope 3 - Vorkette | C32: Gütertransport | D32: nach Kraftstoffverbrauch | E32: Schweröl | K32: kWh | S32: Platzhalter: An dieser Stelle liegen momentan noch keine Werte vor.
A33: 09_31_01_011_04 | B33: Scope 3 - Vorkette | C33: Gütertransport | D33: nach Kraftstoffverbrauch | E33: Schweröl | K33: t | S33: Platzhalter: An dieser Stelle liegen momentan noch keine Werte vor.
A34: 09_31_01_012_01 | B34: Scope 3 - Vorkette | C34: Gütertransport | D34: nach Kraftstoffverbrauch | E34: Strom | K34: kWh | L34: 0.0553279 | M34: 0.032628829 | N34: 0.00065216451 | O34: 1.6748922e-05 | P34: 2024 | Q34: 2025 | R34: Emissionsbilanz erneuerbarer Energieträger (Lauf et al. 2026)
A37: Biogene und fossile Brennstoffe nach Kraftstoffverbrauch sowie nach nach Strecke/Fahrzeug für Güterfahrzeuge mit Vorketten
A38: Anmerkungen: | B38: Bei der Bilanzierung einer Fahrt ist entweder der Ansatz über die Strecke und den Fahrzeugtyp oder über den Kraftstoffverbrauch zu wählen. Die Emissionsfaktoren für den Kraftstoffverbrauch sind "Well-to-wheel-Werte".
B39: CO2eEWF umfasst neben den Emissionen an CO2-Äquivalenten den Emission Weighting Factor (EWF). Dieser Faktor berücksichtigt die durch den Flugverkehr entstehenden Nicht-CO2-Effekte wie NOx-Emissionen und Kondensstreifen und ist abhängig von der Reiseflughöhe und der atmosphärischen Situation. Durch Einbeziehung des EWF wird der höheren Klimawirksamkeit des Flugverkehrs Rechnung getragen.
A40: ID | B40: Scope | C40: Level 1 | D40: Level 2 | E40: Level 3 | F40: Level 4 | G40: Level 5 | H40: Level 6 | I40: Level 7 | J40: Level 8 | K40: Einheit | L40: kg CO2e | M40: kg CO2 | N40: kg CH4 | O40: kg N2O | P40: Bezugsjahr | Q40: Veröffentlichungsjahr | R40: Quelle | S40: Anmerkungen
A41: 09_32_02_001_01 | B41: Scope 3 - Gesamt | C41: Gütertransport | D41: nach Kraftstoffverbrauch | E41: Benzin/Ottokraftstoff | K41: kWh | L41: 0.34706932 | M41: 0.31803763 | N41: 0.0010031798 | O41: 3.5571937e-06 | P41: 2024 | Q41: 2025 | R41: TREMOD 6.71B Transport Emission Model
A42: 09_32_02_001_02 | B42: Scope 3 - Gesamt | C42: Gütertransport | D42: nach Kraftstoffverbrauch | E42: Benzin/Ottokraftstoff | K42: l | L42: 3.1148417 | M42: 2.8542911 | N42: 0.0090032339 | O42: 3.1924733e-05 | P42: 2024 | Q42: 2025 | R42: TREMOD 6.71B Transport Emission Model
A43: 09_32_02_001_04 | B43: Scope 3 - Gesamt | C43: Gütertransport | D43: nach Kraftstoffverbrauch | E43: Benzin/Ottokraftstoff | K43: t | L43: 4197.8999 | M43: 3846.7535 | N43: 12.133738 | O43: 0.043025246 | P43: 2024 | Q43: 2025 | R43: TREMOD 6.71B Transport Emission Model
A44: 09_32_02_002_01 | B44: Scope 3 - Gesamt | C44: Gütertransport | D44: nach Kraftstoffverbrauch | E44: Biodiesel | K44: kWh | L44: 0.077414049 | M44: 0.06555374 | N44: 0.00016095154 | O44: 2.7749683e-05 | P44: 2024 | Q44: 2025 | R44: TREMOD 6.71B Transport Emission Model
A45: 09_32_02_002_02 | B45: Scope 3 - Gesamt | C45: Gütertransport | D45: nach Kraftstoffverbrauch | E45: Biodiesel | K45: l | L45: 0.70394569 | M45: 0.59609687 | N45: 0.0014635734 | O45: 0.00025233494 | P45: 2024 | Q45: 2025 | R45: TREMOD 6.71B Transport Emission Model
A46: 09_32_02_002_04 | B46: Scope 3 - Gesamt | C46: Gütertransport | D46: nach Kraftstoffverbrauch | E46: Biodiesel | K46: t | L46: 800.84834 | M46: 678.15344 | N46: 1.6650437 | O46: 0.28707047 | P46: 2024 | Q46: 2025 | R46: TREMOD 6.71B Transport Emission Model
A47: 09_32_02_003_01 | B47: Scope 3 - Gesamt | C47: Gütertransport | D47: nach Kraftstoffverbrauch | E47: Bioethanol | K47: kWh | L47: 0.10162117 | M47: 0.079918358 | N47: 0.0003000879 | O47: 5.0190009e-05 | P47: 2024 | Q47: 2025 | R47: TREMOD 6.71B Transport Emission Model
A48: 09_32_02_003_02 | B48: Scope 3 - Gesamt | C48: Gütertransport | D48: nach Kraftstoffverbrauch | E48: Bioethanol | K48: l | L48: 0.59447877 | M48: 0.4675184 | N48: 0.0017554992 | O48: 0.00029360904 | P48: 2024 | Q48: 2025 | R48: TREMOD 6.71B Transport Emission Model
A49: 09_32_02_003_04 | B49: Scope 3 - Gesamt | C49: Gütertransport | D49: nach Kraftstoffverbrauch | E49: Bioethanol | K49: t | L49: 752.50477 | M49: 591.79544 | N49: 2.2221509 | O49: 0.37165702 | P49: 2024 | Q49: 2025 | R49: TREMOD 6.71B Transport Emission Model
A50: 09_32_02_004_01 | B50: Scope 3 - Gesamt | C50: Gütertransport | D50: nach Kraftstoffverbrauch | E50: Biomethan | K50: kWh | L50: 0.084698082 | M50: 0.053387188 | N50: 0.00094951073 | O50: 1.7828656e-05 | P50: 2024 | Q50: 2025 | R50: TREMOD 6.71B Transport Emission Model
A51: 09_32_02_004_02 | B51: Scope 3 - Gesamt | C51: Gütertransport | D51: nach Kraftstoffverbrauch | E51: Biomethan | K51: l | L51: 0.78331609 | M51: 0.49374251 | N51: 0.0087813917 | O51: 0.00016488535 | P51: 2024 | Q51: 2025 | R51: TREMOD 6.71B Transport Emission Model
A52: 09_32_02_004_04 | B52: Scope 3 - Gesamt | C52: Gütertransport | D52: nach Kraftstoffverbrauch | E52: Biomethan | K52: t | L52: =L50*Umrechnungsfaktoren!$F$20 -> 1094.0169 | M52: =M50*Umrechnungsfaktoren!$F$20 -> 689.58451 | N52: =N50*Umrechnungsfaktoren!$F$20 -> 12.264514 | O52: =O50*Umrechnungsfaktoren!$F$20 -> 0.23028681 | P52: 2024 | Q52: 2025 | R52: TREMOD 6.71B Transport Emission Model
A53: 09_32_02_005_01 | B53: Scope 3 - Gesamt | C53: Gütertransport | D53: nach Kraftstoffverbrauch | E53: Dieselkraftstoff | K53: kWh | L53: 0.35459118 | M53: 0.3214741 | N53: 0.0010332912 | O53: 1.5792178e-05 | P53: 2024 | Q53: 2025 | R53: TREMOD 6.71B Transport Emission Model
A54: 09_32_02_005_02 | B54: Scope 3 - Gesamt | C54: Gütertransport | D54: nach Kraftstoffverbrauch | E54: Dieselkraftstoff | K54: l | L54: 3.5117197 | M54: 3.1837423 | N54: 0.010233275 | O54: 0.000156399 | P54: 2024 | Q54: 2025 | R54: TREMOD 6.71B Transport Emission Model
A55: 09_32_02_005_04 | B55: Scope 3 - Gesamt | C55: Gütertransport | D55: nach Kraftstoffverbrauch | E55: Dieselkraftstoff | K55: t | L55: 4220.817 | M55: 3826.6133 | N55: 12.29961 | O55: 0.18797956 | P55: 2024 | Q55: 2025 | R55: TREMOD 6.71B Transport Emission Model
A56: 09_32_02_006_01 | B56: Scope 3 - Gesamt | C56: Gütertransport | D56: nach Kraftstoffverbrauch | E56: Erdgas (CNG) | K56: kWh | L56: 0.27923651 | M56: 0.23964963 | N56: 0.0014041031 | O56: 1.0263718e-06 | P56: 2024 | Q56: 2025 | R56: TREMOD 6.71B Transport Emission Model
A57: 09_32_02_006_05 | B57: Scope 3 - Gesamt | C57: Gütertransport | D57: nach Kraftstoffverbrauch | E57: Erdgas (CNG) | K57: m³ | L57: 2.5824723 | M57: 2.2163597 | N57: 0.012985614 | O57: 9.4922285e-06 | P57: 2024 | Q57: 2025 | R57: TREMOD 6.71B Transport Emission Model
A58: 09_32_02_007_01 | B58: Scope 3 - Gesamt | C58: Gütertransport | D58: nach Kraftstoffverbrauch | E58: Flugbenzin (AvGas) | K58: kWh | L58: 0.31178199 | M58: 0.30448908 | N58: 0.00018120436 | O58: 8.3742838e-06 | P58: 2024 | Q58: 2025 | R58: TREMOD 6.71B Transport Emission Model
A59: 09_32_02_007_02 | B59: Scope 3 - Gesamt | C59: Gütertransport | D59: nach Kraftstoffverbrauch | E59: Flugbenzin (AvGas) | K59: l | L59: 2.7964 | M59: 2.731 | N59: 0.00163 | O59: 7.51e-05 | P59: 2024 | Q59: 2025 | R59: TREMOD 6.71B Transport Emission Model
A60: 09_32_02_007_04 | B60: Scope 3 - Gesamt | C60: Gütertransport | D60: nach Kraftstoffverbrauch | E60: Flugbenzin (AvGas) | K60: t | L60: 3768.7514 | M60: 3680.5963 | N60: 2.1903581 | O60: 0.10122648 | P60: 2024 | Q60: 2025 | R60: TREMOD 6.71B Transport Emission Model
A61: 09_32_02_008_01 | B61: Scope 3 - Gesamt | C61: Gütertransport | D61: nach Kraftstoffverbrauch | E61: Flüssigerdgas (LNG) | K61: kWh | L61: 0.27960142 | M61: 0.23964963 | N61: 0.0014174858 | O61: 9.8938408e-07 | P61: 2024 | Q61: 2025 | R61: TREMOD 6.71B Transport Emission Model
A62: 09_32_02_008_05 | B62: Scope 3 - Gesamt | C62: Gütertransport | D62: nach Kraftstoffverbrauch | E62: Flüssigerdgas (LNG) | K62: m³ | L62: 2.5858472 | M62: 2.2163597 | N62: 0.013109382 | O62: 9.1501538e-06 | P62: 2024 | Q62: 2025 | R62: TREMOD 6.71B Transport Emission Model
A63: 09_32_02_008_04 | B63: Scope 3 - Gesamt | C63: Gütertransport | D63: nach Kraftstoffverbrauch | E63: Flüssigerdgas (LNG) | K63: t | L63: 3611.5184 | M63: 3095.4744 | N63: 18.309192 | O63: 0.012779544 | P63: 2024 | Q63: 2025 | R63: TREMOD 6.71B Transport Emission Model
A64: 09_32_02_010_01 | B64: Scope 3 - Gesamt | C64: Gütertransport | D64: nach Kraftstoffverbrauch | E64: Kerosin | K64: kWh | L64: 0.33893712 | M64: 0.30894104 | N64: 0.00098142983 | O64: 9.4944888e-06 | P64: 2024 | Q64: 2025 | R64: TREMOD 6.71B Transport Emission Model
... A66: 09_32_02_010_04 | B66: Scope 3 - Gesamt | C66: Gütertransport | D66: nach Kraftstoffverbrauch | E66: Kerosin | K66: t | L66: 4029.5858 | M66: 3672.9658 | N66: 11.66811 | O66: 0.11287892 | P66: 2024 | Q66: 2025 | R66: TREMOD 6.71B Transport Emission Model
A67: 09_32_02_011_01 | B67: Scope 3 - Gesamt | C67: Gütertransport | D67: nach Kraftstoffverbrauch | E67: Schweröl | K67: kWh | S67: Platzhalter: An dieser Stelle liegen momentan noch keine Werte vor.
A68: 09_32_02_011_04 | B68: Scope 3 - Gesamt | C68: Gütertransport | D68: nach Kraftstoffverbrauch | E68: Schweröl | K68: t | S68: Platzhalter: An dieser Stelle liegen momentan noch keine Werte vor.
A69: 09_32_02_012_01 | B69: Scope 3 - Gesamt | C69: Gütertransport | D69: nach Kraftstoffverbrauch | E69: Strom | K69: kWh | L69: 0.4269124 | M69: 0.39601552 | N69: 0.00084661255 | O69: 2.7138602e-05 | P69: 2024 | Q69: 2025 | R69: Emissionsbilanz erneuerbarer Energieträger (Lauf et al. 2026)
A70: 09_32_03_001_06 | B70: Scope 3 - Gesamt | C70: Gütertransport | D70: nach Strecke/Fahrzeug | E70: Straße | F70: Leichtes Nutzfahrzeug (< 3,5 t) | G70: Benzinmotor | H70: Unbekannter Straßentyp/Durchschnitt | K70: km | L70: 0.29577038 | M70: 0.27050791 | N70: 0.00085519 | O70: 4.97e-06 | P70: 2024 | Q70: 2025 | R70: TREMOD 6.71B Transport Emission Model
A71: 09_32_03_002_06 | B71: Scope 3 - Gesamt | C71: Gütertransport | D71: nach Strecke/Fahrzeug | E71: Straße | F71: Leichtes Nutzfahrzeug (< 3,5 t) | G71: Dieselmotor | H71: Unbekannter Straßentyp/Durchschnitt | K71: km | L71: 0.33022584 | M71: 0.29997475 | N71: 0.0009678 | O71: 1.19e-05 | P71: 2024 | Q71: 2025 | R71: TREMOD 6.71B Transport Emission Model
A72: 09_32_03_003_06 | B72: Scope 3 - Gesamt | C72: Gütertransport | D72: nach Strecke/Fahrzeug | E72: Straße | F72: Leichtes Nutzfahrzeug (< 3,5 t) | G72: Elektromotor | H72: Unbekannter Straßentyp/Durchschnitt | K72: km | L72: 0.17933444 | M72: 0.16635549 | N72: 0.00035564 | O72: 1.14e-05 | P72: 2024 | Q72: 2025 | R72: TREMOD 6.71B Transport Emission Model
A73: 09_32_03_004_06 | B73: Scope 3 - Gesamt | C73: Gütertransport | D73: nach Strecke/Fahrzeug | E73: Straße | F73: Leichtes Nutzfahrzeug (< 3,5 t) | G73: Unbekannter Antrieb/Durchschnitt | H73: Unbekannter Straßentyp/Durchschnitt | K73: km | L73: 0.32539794 | M73: 0.29569004 | N73: 0.00095185 | O73: 1.153e-05 | P73: 2024 | Q73: 2025 | R73: TREMOD 6.71B Transport Emission Model
A74: 09_32_03_005_06 | B74: Scope 3 - Gesamt | C74: Gütertransport | D74: nach Strecke/Fahrzeug | E74: Straße | F74: Schweres Nutzfahrzeug (> 3,5 t) | G74: Durchschnittliche Größe/unbekannt | H74: Unbekannter Straßentyp/Durchschnitt | I74: Durchschnittliche Beladung | J74: Ungekühlt | K74: km | L74: 0.93409451 | M74: 0.84459511 | N74: 0.0027273344 | O74: 4.9562403e-05 | P74: 2024 | Q74: 2025 | R74: TREMOD 6.71B Transport Emission Model
A75: 09_32_03_005_10 | B75: Scope 3 - Gesamt | C75: Gütertransport | D75: nach Strecke/Fahrzeug | E75: Straße | F75: Schweres Nutzfahrzeug (> 3,5 t) | G75: Durchschnittliche Größe/unbekannt | H75: Unbekannter Straßentyp/Durchschnitt | I75: Durchschnittliche Beladung | J75: Ungekühlt | K75: tkm | L75: 0.11828692 | M75: 0.10695337 | N75: 0.00034536974 | O75: 6.2762213e-06 | P75: 2024 | Q75: 2025 | R75: TREMOD 6.71B Transport Emission Model
A76: 09_32_03_006_06 | B76: Scope 3 - Gesamt | C76: Gütertransport | D76: nach Strecke/Fahrzeug | E76: Straße | F76: Schweres Nutzfahrzeug (> 3,5 t) | G76: Sattel/Lastzug (<28t), Diesel | H76: Unbekannter Straßentyp/Durchschnitt | I76: Durchschnittliche Beladung | J76: Ungekühlt | K76: km | L76: 0.75464436 | M76: 0.68410495 | N76: 0.0021887138 | O76: 3.4926132e-05 | P76: 2024 | Q76: 2025 | R76: TREMOD 6.71B Transport Emission Model
A77: 09_32_03_006_10 | B77: Scope 3 - Gesamt | C77: Gütertransport | D77: nach Strecke/Fahrzeug | E77: Straße | F77: Schweres Nutzfahrzeug (> 3,5 t) | G77: Sattel/Lastzug (<28t), Diesel | H77: Unbekannter Straßentyp/Durchschnitt | I77: Durchschnittliche Beladung | J77: Ungekühlt | K77: tkm | L77: 0.22603127 | M77: 0.20490328 | N77: 0.00065556409 | O77: 1.0461084e-05 | P77: 2024 | Q77: 2025 | R77: TREMOD 6.71B Transport Emission Model
A78: 09_32_03_007_06 | B78: Scope 3 - Gesamt | C78: Gütertransport | D78: nach Strecke/Fahrzeug | E78: Straße | F78: Schweres Nutzfahrzeug (> 3,5 t) | G78: Sattel/Lastzug (28-34t), Diesel | H78: Unbekannter Straßentyp/Durchschnitt | I78: Durchschnittliche Beladung | J78: Ungekühlt | K78: km | L78: 0.95028052 | M78: 0.8593025 | N78: 0.0027485377 | O78: 5.2901749e-05 | P78: 2024 | Q78: 2025 | R78: TREMOD 6.71B Transport Emission Model
A79: 09_32_03_007_10 | B79: Scope 3 - Gesamt | C79: Gütertransport | D79: nach Strecke/Fahrzeug | E79: Straße | F79: Schweres Nutzfahrzeug (> 3,5 t) | G79: Sattel/Lastzug (28-34t), Diesel | H79: Unbekannter Straßentyp/Durchschnitt | I79: Durchschnittliche Beladung | J79: Ungekühlt | K79: tkm | L79: 0.13852169 | M79: 0.1252599 | N79: 0.00040065233 | O79: 7.7114492e-06 | P79: 2024 | Q79: 2025 | R79: TREMOD 6.71B Transport Emission Model
A80: 09_32_03_008_06 | B80: Scope 3 - Gesamt | C80: Gütertransport | D80: nach Strecke/Fahrzeug | E80: Straße | F80: Schweres Nutzfahrzeug (> 3,5 t) | G80: Sattel/Lastzug unbekannte Größe, Elektroantrieb | H80: Unbekannter Straßentyp/Durchschnitt | I80: Durchschnittliche Beladung | J80: Ungekühlt | K80: km | L80: 0.78726519 | M80: 0.73028854 | N80: 0.0015612303 | O80: 5.0046041e-05 | P80: 2024 | Q80: 2025 | R80: TREMOD 6.71B Transport Emission Model
A81: 09_32_03_008_10 | B81: Scope 3 - Gesamt | C81: Gütertransport | D81: nach Strecke/Fahrzeug | E81: Straße | F81: Schweres Nutzfahrzeug (> 3,5 t) | G81: Sattel/Lastzug unbekannte Größe, Elektroantrieb | H81: Unbekannter Straßentyp/Durchschnitt | I81: Durchschnittliche Beladung | J81: Ungekühlt | K81: tkm | L81: 0.075281067 | M81: 0.06983276 | N81: 0.00014929033 | O81: 4.7855786e-06 | P81: 2024 | Q81: 2025 | R81: TREMOD 6.71B Transport Emission Model
A82: 09_32_03_009_06 | B82: Scope 3 - Gesamt | C82: Gütertransport | D82: nach Strecke/Fahrzeug | E82: Straße | F82: Schweres Nutzfahrzeug (> 3,5 t) | G82: Sattel/Lastzug unbekannte Größe, CNG | H82: Unbekannter Straßentyp/Durchschnitt | I82: Durchschnittliche Beladung | J82: Ungekühlt | K82: km | L82: 0.36876919 | M82: 0.27007928 | N82: 0.0030602237 | O82: 4.9070392e-05 | P82: 2024 | Q82: 2025 | R82: TREMOD 6.71B Transport Emission Model
A83: 09_32_03_009_10 | B83: Scope 3 - Gesamt | C83: Gütertransport | D83: nach Strecke/Fahrzeug | E83: Straße | F83: Schweres Nutzfahrzeug (> 3,5 t) | G83: Sattel/Lastzug unbekannte Größe, CNG | H83: Unbekannter Straßentyp/Durchschnitt | I83: Durchschnittliche Beladung | J83: Ungekühlt | K83: tkm | L83: 0.046730472 | M83: 0.034224475 | N83: 0.00038779188 | O83: 6.2182054e-06 | P83: 2024 | Q83: 2025 | R83: TREMOD 6.71B Transport Emission Model
A84: 09_32_03_010_06 | B84: Scope 3 - Gesamt | C84: Gütertransport | D84: nach Strecke/Fahrzeug | E84: Straße | F84: Schweres Nutzfahrzeug (> 3,5 t) | G84: Sattel/Lastzug unbekannte Größe, LNG | H84: Unbekannter Straßentyp/Durchschnitt | I84: Durchschnittliche Beladung | J84: Ungekühlt | K84: km | L84: 0.3350342 | M84: 0.23984792 | N84: 0.0029870783 | O84: 4.3577692e-05 | P84: 2024 | Q84: 2025 | R84: TREMOD 6.71B Transport Emission Model
A85: 09_32_03_010_10 | B85: Scope 3 - Gesamt | C85: Gütertransport | D85: nach Strecke/Fahrzeug | E85: Straße | F85: Schweres Nutzfahrzeug (> 3,5 t) | G85: Sattel/Lastzug unbekannte Größe, LNG | H85: Unbekannter Straßentyp/Durchschnitt | I85: Durchschnittliche Beladung | J85: Ungekühlt | K85: tkm | L85: 0.029718893 | M85: 0.021275484 | N85: 0.00026496597 | O85: 3.8655182e-06 | P85: 2024 | Q85: 2025 | R85: TREMOD 6.71B Transport Emission Model
... A99: 09_32_03_062_10 | B99: Scope 3 - Gesamt | C99: Gütertransport | D99: nach Strecke/Fahrzeug | E99: Straße | F99: Schweres Nutzfahrzeug (> 3,5 t) | G99: Solo-LKW 7,5 - 12 t, Elektroantrieb | H99: Unbekannter Straßentyp/Durchschnitt | I99: Durchschnittliche Beladung | J99: Ungekühlt | K99: tkm | L99: 0.24519901 | M99: 0.22745326 | N99: 0.00048625563 | O99: 1.5587175e-05 | P99: 2024 | Q99: 2025 | R99: TREMOD 6.71B Transport Emission Model
A100: 09_32_03_013_06 | B100: Scope 3 - Gesamt | C100: Gütertransport | D100: nach Strecke/Fahrzeug | E100: Straße | F100: Schweres Nutzfahrzeug (> 3,5 t) | G100: Solo-LKW > 12 t | H100: Unbekannter Straßentyp/Durchschnitt | I100: Durchschnittliche Beladung | J100: Ungekühlt | K100: km | L100: 0.92551149 | M100: 0.84083139 | N100: 0.002636128 | O100: 4.1013e-05 | P100: 2023 | Q100: 2025 | R100: TREMOD 6.63A Transport Emission Model | S100: Aggregierter Wert von Solo-LKWs über 12 t. Mischung von Antriebsarten Diesel, CNG und Elektro. Für das Bezugsjahr 2024 liegen die Werte disaggregiert vor (verschiedene Gewichtsklassen & verschiedene Antriebsarten).
A101: 09_32_03_013_10 | B101: Scope 3 - Gesamt | C101: Gütertransport | D101: nach Strecke/Fahrzeug | E101: Straße | F101: Schweres Nutzfahrzeug (> 3,5 t) | G101: Solo-LKW > 12 t | H101: Unbekannter Straßentyp/Durchschnitt | I101: Durchschnittliche Beladung | J101: Ungekühlt | K101: tkm | L101: 0.24858097 | M101: 0.22583694 | N101: 0.000708032 | O101: 1.1016e-05 | P101: 2023 | Q101: 2025 | R101: TREMOD 6.63A Transport Emission Model | S101: Aggregierter Wert von Solo-LKWs über 12 t. Mischung von Antriebsarten Diesel, CNG und Elektro. Für das Bezugsjahr 2024 liegen die Werte disaggregiert vor (verschiedene Gewichtsklassen & verschiedene Antriebsarten).
A102: 09_32_03_063_06 | B102: Scope 3 - Gesamt | C102: Gütertransport | D102: nach Strecke/Fahrzeug | E102: Straße | F102: Schweres Nutzfahrzeug (> 3,5 t) | G102: Solo-LKW > 12 t, CNG | H102: Unbekannter Straßentyp/Durchschnitt | I102: Durchschnittliche Beladung | J102: Ungekühlt | K102: km | L102: 0.273019 | M102: 0.19996951 | N102: 0.0022650517 | O102: 3.633223e-05 | P102: 2024 | Q102: 2025 | R102: TREMOD 6.71B Transport Emission Model
A103: 09_32_03_063_10 | B103: Scope 3 - Gesamt | C103: Gütertransport | D103: nach Strecke/Fahrzeug | E103: Straße | F103: Schweres Nutzfahrzeug (> 3,5 t) | G103: Solo-LKW > 12 t, CNG | H103: Unbekannter Straßentyp/Durchschnitt | I103: Durchschnittliche Beladung | J103: Ungekühlt | K103: tkm | L103: 0.060544725 | M103: 0.044345262 | N103: 0.00050229814 | O103: 8.0570395e-06 | P103: 2024 | Q103: 2025 | R103: TREMOD 6.71B Transport Emission Model
A104: 09_32_03_064_06 | B104: Scope 3 - Gesamt | C104: Gütertransport | D104: nach Strecke/Fahrzeug | E104: Straße | F104: Schweres Nutzfahrzeug (> 3,5 t) | G104: Solo-LKW > 12 t, Elektroantrieb | H104: Unbekannter Straßentyp/Durchschnitt | I104: Durchschnittliche Beladung | J104: Ungekühlt | K104: km | L104: 0.44320385 | M104: 0.41112791 | N104: 0.00087892021 | O104: 2.817424e-05 | P104: 2024 | Q104: 2025 | R104: TREMOD 6.71B Transport Emission Model
A105: 09_32_03_064_10 | B105: Scope 3 - Gesamt | C105: Gütertransport | D105: nach Strecke/Fahrzeug | E105: Straße | F105: Schweres Nutzfahrzeug (> 3,5 t) | G105: Solo-LKW > 12 t, Elektroantrieb | H105: Unbekannter Straßentyp/Durchschnitt | I105: Durchschnittliche Beladung | J105: Ungekühlt | K105: tkm | L105: 0.098284939 | M105: 0.091171774 | N105: 0.00019490945 | O105: 6.2479228e-06 | P105: 2024 | Q105: 2025 | R105: TREMOD 6.71B Transport Emission Model
A106: 09_32_03_065_06 | B106: Scope 3 - Gesamt | C106: Gütertransport | D106: nach Strecke/Fahrzeug | E106: Straße | F106: Schweres Nutzfahrzeug (> 3,5 t) | G106: Solo-LKW > 12 - 14 t, Diesel | H106: Unbekannter Straßentyp/Durchschnitt | I106: Durchschnittliche Beladung | J106: Ungekühlt | K106: km | L106: 0.65654862 | M106: 0.59361364 | N106: 0.0018991029 | O106: 3.6830559e-05 | P106: 2024 | Q106: 2025 | R106: TREMOD 6.71B Transport Emission Model
A107: 09_32_03_065_10 | B107: Scope 3 - Gesamt | C107: Gütertransport | D107: nach Strecke/Fahrzeug | E107: Straße | F107: Schweres Nutzfahrzeug (> 3,5 t) | G107: Solo-LKW > 12 - 14 t, Diesel | H107: Unbekannter Straßentyp/Durchschnitt | I107: Durchschnittliche Beladung | J107: Ungekühlt | K107: tkm | L107: 0.31545865 | M107: 0.28521964 | N107: 0.00091248145 | O107: 1.7696356e-05 | P107: 2024 | Q107: 2025 | R107: TREMOD 6.71B Transport Emission Model
A108: 09_32_03_066_06 | B108: Scope 3 - Gesamt | C108: Gütertransport | D108: nach Strecke/Fahrzeug | E108: Straße | F108: Schweres Nutzfahrzeug (> 3,5 t) | G108: Solo-LKW > 14 - 20 t, Diesel | H108: Unbekannter Straßentyp/Durchschnitt | I108: Durchschnittliche Beladung | J108: Ungekühlt | K108: km | L108: 0.74643576 | M108: 0.67597425 | N108: 0.0021622076 | O108: 3.7432817e-05 | P108: 2024 | Q108: 2025 | R108: TREMOD 6.71B Transport Emission Model
A109: 09_32_03_066_10 | B109: Scope 3 - Gesamt | C109: Gütertransport | D109: nach Strecke/Fahrzeug | E109: Straße | F109: Schweres Nutzfahrzeug (> 3,5 t) | G109: Solo-LKW > 14 - 20 t, Diesel | H109: Unbekannter Straßentyp/Durchschnitt | I109: Durchschnittliche Beladung | J109: Ungekühlt | K109: tkm | L109: 0.26898574 | M109: 0.24359421 | N109: 0.00077917356 | O109: 1.3489297e-05 | P109: 2024 | Q109: 2025 | R109: TREMOD 6.71B Transport Emission Model
A110: 09_32_03_067_06 | B110: Scope 3 - Gesamt | C110: Gütertransport | D110: nach Strecke/Fahrzeug | E110: Straße | F110: Schweres Nutzfahrzeug (> 3,5 t) | G110: Solo-LKW > 20 - 26 t, Diesel | H110: Unbekannter Straßentyp/Durchschnitt | I110: Durchschnittliche Beladung | J110: Ungekühlt | K110: km | L110: 0.89660154 | M110: 0.81343907 | N110: 0.0026016714 | O110: 3.8927059e-05 | P110: 2024 | Q110: 2025 | R110: TREMOD 6.71B Transport Emission Model
A111: 09_32_03_067_10 | B111: Scope 3 - Gesamt | C111: Gütertransport | D111: nach Strecke/Fahrzeug | E111: Straße | F111: Schweres Nutzfahrzeug (> 3,5 t) | G111: Solo-LKW > 20 - 26 t, Diesel | H111: Unbekannter Straßentyp/Durchschnitt | I111: Durchschnittliche Beladung | J111: Ungekühlt | K111: tkm | L111: 0.25847961 | M111: 0.23450485 | N111: 0.00075003105 | O111: 1.122221e-05 | P111: 2024 | Q111: 2025 | R111: TREMOD 6.71B Transport Emission Model
A112: 09_32_03_068_06 | B112: Scope 3 - Gesamt | C112: Gütertransport | D112: nach Strecke/Fahrzeug | E112: Straße | F112: Schweres Nutzfahrzeug (> 3,5 t) | G112: Solo-LKW > 26 t, Diesel | H112: Unbekannter Straßentyp/Durchschnitt | I112: Durchschnittliche Beladung | J112: Ungekühlt | K112: km | L112: 1.0742593 | M112: 0.97330831 | N112: 0.0031129234 | O112: 5.2034483e-05 | P112: 2024 | Q112: 2025 | R112: TREMOD 6.71B Transport Emission Model
A113: 09_32_03_068_10 | B113: Scope 3 - Gesamt | C113: Gütertransport | D113: nach Strecke/Fahrzeug | E113: Straße | F113: Schweres Nutzfahrzeug (> 3,5 t) | G113: Solo-LKW > 26 t, Diesel | H113: Unbekannter Straßentyp/Durchschnitt | I113: Durchschnittliche Beladung | J113: Ungekühlt | K113: tkm | L113: 0.23656325 | M113: 0.21433277 | N113: 0.00068549862 | O113: 1.1458543e-05 | P113: 2024 | Q113: 2025 | R113: TREMOD 6.71B Transport Emission Model
A114: 09_32_03_041_10 | B114: Scope 3 - Gesamt | C114: Gütertransport | D114: nach Strecke/Fahrzeug | E114: Schiene | F114: Güterzug | G114: Dieseltraktion | K114: tkm | L114: 0.03423089 | M114: 0.03126553 | N114: 0.00010046 | O114: 5.8e-07 | P114: 2024 | Q114: 2025 | R114: TREMOD 6.71B Transport Emission Model
A115: 09_32_03_042_10 | B115: Scope 3 - Gesamt | C115: Gütertransport | D115: nach Strecke/Fahrzeug | E115: Schiene | F115: Güterzug | G115: Elektrotraktion | K115: tkm | L115: 0.01314743 | M115: 0.0121906 | N115: 2.643e-05 | O115: 8.2e-07 | P115: 2024 | Q115: 2025 | R115: TREMOD 6.71B Transport Emission Model
A116: 09_32_03_043_10 | B116: Scope 3 - Gesamt | C116: Gütertransport | D116: nach Strecke/Fahrzeug | E116: Schiene | F116: Güterzug | G116: Unbekannter Antrieb/Durchschnitt | K116: tkm | L116: 0.0142743 | M116: 0.0132101 | N116: 3.04e-05 | O116: 8e-07 | P116: 2024 | Q116: 2025 | R116: TREMOD 6.71B Transport Emission Model
A117: 09_32_03_044_10 | B117: Scope 3 - Gesamt | C117: Gütertransport | D117: nach Strecke/Fahrzeug | E117: Wasser | F117: Binnenschiff | G117: Containerschiff | K117: tkm | L117: 0.0200003 | M117: 0.0182771 | N117: 5.89e-05 | O117: 3e-07 | P117: 2024 | Q117: 2025 | R117: TREMOD 6.71B Transport Emission Model
...

Sheet 10_Güter_Dienstleistungen m.V.
A1: 10 Güter und Dienstleistungen | C1: Scope | D1: 3
A3: Verpflegung, IT-Dienstleistungen und Arbeitsplatzausstattung mit Vorketten
A5: ID | B5: Scope | C5: Level 1 | D5: Level 2 | E5: Level 3 | F5: Level 4 | G5: Einheit | H5: kg CO2e | I5: Bezugsjahr | J5: Veröffentlichungsjahr | K5: Quelle | L5: Anmerkungen
A6: 10_32_01_001_XX | B6: Scope 3 - Gesamt | C6: Eingekaufte Güter und Dienstleistungen | D6: Arbeitsplatzcomputer | E6: Monitor (22") | G6: pro Stück | H6: 88.2 | J6: 2016 | K6: Ökologische und ökonomische Aspekte beim Vergleich von Arbeitsplatzcomputern für den Einsatz in Behörden unter Einbeziehung des Nutzerverhaltens (Öko-APC) Texte 66/2016 (Siddharth et al. 2016)
A7: 10_32_01_002_XX | B7: Scope 3 - Gesamt | C7: Eingekaufte Güter und Dienstleistungen | D7: Arbeitsplatzcomputer | E7: Maus | G7: pro Stück | H7: 1.8 | J7: 2016 | K7: Ökologische und ökonomische Aspekte beim Vergleich von Arbeitsplatzcomputern für den Einsatz in Behörden unter Einbeziehung des Nutzerverhaltens (Öko-APC) Texte 66/2016 (Siddharth et al. 2016)
A8: 10_32_01_003_XX | B8: Scope 3 - Gesamt | C8: Eingekaufte Güter und Dienstleistungen | D8: Arbeitsplatzcomputer | E8: Tastatur | G8: pro Stück | H8: 3.9 | J8: 2016 | K8: Ökologische und ökonomische Aspekte beim Vergleich von Arbeitsplatzcomputern für den Einsatz in Behörden unter Einbeziehung des Nutzerverhaltens (Öko-APC) Texte 66/2016 (Siddharth et al. 2016)
A9: 10_32_01_004_XX | B9: Scope 3 - Gesamt | C9: Eingekaufte Güter und Dienstleistungen | D9: Arbeitsplatzcomputer | E9: Docking-Station für Notebook | G9: pro Stück | H9: 18.6 | J9: 2016 | K9: Ökologische und ökonomische Aspekte beim Vergleich von Arbeitsplatzcomputern für den Einsatz in Behörden unter Einbeziehung des Nutzerverhaltens (Öko-APC) Texte 66/2016 (Siddharth et al. 2016)
A10: 10_32_01_005_XX | B10: Scope 3 - Gesamt | C10: Eingekaufte Güter und Dienstleistungen | D10: Arbeitsplatzcomputer | E10: Notebook Grundgerät mit SSD | G10: pro Stück | H10: 286.8 | J10: 2016 | K10: Ökologische und ökonomische Aspekte beim Vergleich von Arbeitsplatzcomputern für den Einsatz in Behörden unter Einbeziehung des Nutzerverhaltens (Öko-APC) Texte 66/2016 (Siddharth et al. 2016)
A11: 10_32_01_006_XX | B11: Scope 3 - Gesamt | C11: Eingekaufte Güter und Dienstleistungen | D11: Arbeitsplatzcomputer | E11: Notebook Grundgerät mit HDD | G11: pro Stück | H11: 227.4 | J11: 2016 | K11: Ökologische und ökonomische Aspekte beim Vergleich von Arbeitsplatzcomputern für den Einsatz in Behörden unter Einbeziehung des Nutzerverhaltens (Öko-APC) Texte 66/2016 (Siddharth et al. 2016)
A12: 10_32_01_007_XX | B12: Scope 3 - Gesamt | C12: Eingekaufte Güter und Dienstleistungen | D12: Arbeitsplatzcomputer | E12: Desktop-PC Grundgerät mit SSD | G12: pro Stück | H12: 341.2 | J12: 2016 | K12: Ökologische und ökonomische Aspekte beim Vergleich von Arbeitsplatzcomputern für den Einsatz in Behörden unter Einbeziehung des Nutzerverhaltens (Öko-APC) Texte 66/2016 (Siddharth et al. 2016)
A13: 10_32_01_008_XX | B13: Scope 3 - Gesamt | C13: Eingekaufte Güter und Dienstleistungen | D13: Arbeitsplatzcomputer | E13: Mini-PC Grundgerät mit SSD | G13: pro Stück | H13: 244.2 | J13: 2016 | K13: Ökologische und ökonomische Aspekte beim Vergleich von Arbeitsplatzcomputern für den Einsatz in Behörden unter Einbeziehung des Nutzerverhaltens (Öko-APC) Texte 66/2016 (Siddharth et al. 2016)
A14: 10_32_01_009_XX | B14: Scope 3 - Gesamt | C14: Eingekaufte Güter und Dienstleistungen | D14: Arbeitsplatzcomputer | E14: Mini-PC Grundgerät mit HDD | G14: pro Stück | H14: 184.8 | J14: 2016 | K14: Ökologische und ökonomische Aspekte beim Vergleich von Arbeitsplatzcomputern für den Einsatz in Behörden unter Einbeziehung des Nutzerverhaltens (Öko-APC) Texte 66/2016 (Siddharth et al. 2016)
A15: 10_32_01_010_XX | B15: Scope 3 - Gesamt | C15: Eingekaufte Güter und Dienstleistungen | D15: Arbeitsplatzcomputer | E15: Desktop-PC (SSD) Komplettausstattung | G15: pro Stück | H15: 435.1 | J15: 2016 | K15: Ökologische und ökonomische Aspekte beim Vergleich von Arbeitsplatzcomputern für den Einsatz in Behörden unter Einbeziehung des Nutzerverhaltens (Öko-APC) Texte 66/2016 (Siddharth et al. 2016) | L15: Grundgerät (mit SSD) + Monitor, Maus, Tastatur
A16: 10_32_01_011_XX | B16: Scope 3 - Gesamt | C16: Eingekaufte Güter und Dienstleistungen | D16: Arbeitsplatzcomputer | E16: Mini-PC (SSD) Komplettausstattung | G16: pro Stück | H16: 338.1 | J16: 2016 | K16: Ökologische und ökonomische Aspekte beim Vergleich von Arbeitsplatzcomputern für den Einsatz in Behörden unter Einbeziehung des Nutzerverhaltens (Öko-APC) Texte 66/2016 (Siddharth et al. 2016) | L16: Grundgerät (mit SSD) + Monitor, Maus, Tastatur
A17: 10_32_01_012_XX | B17: Scope 3 - Gesamt | C17: Eingekaufte Güter und Dienstleistungen | D17: Arbeitsplatzcomputer | E17: Mini-PC (HDD) Komplettausstattung | G17: pro Stück | H17: 278.7 | J17: 2016 | K17: Ökologische und ökonomische Aspekte beim Vergleich von Arbeitsplatzcomputern für den Einsatz in Behörden unter Einbeziehung des Nutzerverhaltens (Öko-APC) Texte 66/2016 (Siddharth et al. 2016) | L17: Grundgerät (mit HDD) + Monitor, Maus, Tastatur
A18: 10_32_02_001_XX | B18: Scope 3 - Gesamt | C18: Eingekaufte Güter und Dienstleistungen | D18: IT im Rechenzentrum | E18: Server | G18: pro Server | H18: 770.81 | J18: 2018 | K18: KPI4DCE (Schödwell et al. 2018)
A19: 10_32_02_002_XX | B19: Scope 3 - Gesamt | C19: Eingekaufte Güter und Dienstleistungen | D19: IT im Rechenzentrum | E19: Speichersysteme | G19: pro Speichersystem | H19: 2725.74 | J19: 2018 | K19: KPI4DCE (Schödwell et al. 2018)
A20: 10_32_03_001_XX | B20: Scope 3 - Gesamt | C20: Eingekaufte Güter und Dienstleistungen | D20: IT-Dienstleistungen | E20: Speicherung von Daten in die Cloud | G20: pro Terabyte Online-Speicherplatz | H20: 135.58 | I20: 2024 | J20: 2025 | K20: UBA-eigene Berechnung basierend auf Green Cloud Computing (Gröger et al. 2021) und Emissionsbilanz erneuerbarer Energieträger (Lauf et al. 2026) | L20: berücksichtigt nur Emissionen, die im Rechenzentrum für Bereitstellung und Betrieb entstehen, Standort Deutschland
A21: 10_32_03_002_XX | B21: Scope 3 - Gesamt | C21: Eingekaufte Güter und Dienstleistungen | D21: IT-Dienstleistungen | E21: Teilnahme an externer Videokonferenz | G21: pro Teilnehmende pro Stunde | H21: 0.0021 | I21: 2024 | J21: 2025 | K21: UBA-eigene Berechnung basierend auf Green Cloud Computing (Gröger et al. 2021) und Emissionsbilanz erneuerbarer Energieträger (Lauf et al. 2026) | L21: berücksichtigt nur Emissionen, die im Rechenzentrum entstehen (inkl. Datenübertragung über VDSL Zugangsnetz), Standort Deutschland
A22: 10_32_04_001_XX | B22: Scope 3 - Gesamt | C22: Eingekaufte Güter und Dienstleistungen | D22: Verpflegung | E22: Ohne Zubereitung vor Ort | F22: Fleischgericht | G22: Stück/pP | H22: 1.783 | J22: 2024 | K22: KlimAktiv, CO2- Rechner für Veranstaltungen (UBA 2025)
A23: 10_32_04_002_XX | B23: Scope 3 - Gesamt | C23: Eingekaufte Güter und Dienstleistungen | D23: Verpflegung | E23: Ohne Zubereitung vor Ort | F23: Veganes Gericht | G23: Stück/pP | H23: 0.945 | J23: 2024 | K23: KlimAktiv, CO2- Rechner für Veranstaltungen (UBA 2025)
A24: 10_32_04_003_XX | B24: Scope 3 - Gesamt | C24: Eingekaufte Güter und Dienstleistungen | D24: Verpflegung | E24: Ohne Zubereitung vor Ort | F24: Vegetarisches Gericht | G24: Stück/pP | H24: 1.184 | J24: 2024 | K24: KlimAktiv, CO2- Rechner für Veranstaltungen (UBA 2025)
A25: 10_32_05_001_05 | B25: Scope 3 - Gesamt | C25: Trinkwasser | G25: m3 | H25: 0.242 | J25: 2020 | K25: GEMIS Datensatz Xtra-Trinkwasser\DE-2020

Sheet 11_Abwasser
A1: 11 Abwasser | C1: Scope | D1: 3
A3: Abwasser
A4: Anmerkung: Zukünftig werden wir auf diesem Blatt Emissionsfaktoren für die Berücksichtigung von Emissionen aus dem Abfallsektor bereitstellen. Momentan liegen diese Emissionsfaktoren noch nicht vor.
A5: ID | B5: Scope | C5: Level 1 | D5: Level 2 | E5: Einheit | F5: kg CO2e | G5: Bezugsjahr | H5: Veröffentlichungsjahr | I5: Quelle | J5: Anmerkungen
A6: 11_32_01_001_05 | B6: Scope 3 - Gesamt | C6: Abwasser | D6: Kommunale Klärwerke | E6: m3 | F6: 0.43 | G6: 2022 | H6: 2025 | I6: UBA-eigene Berechnung basierend auf National Inventory Report (NIR) und DESTATIS Abwassermenge für häusliches und betriebliches Schmutzwasser sowie Erhebung der nichtöffentlichen Abwasserentsorgung | J6: Der Faktor bezieht nur die direkten CH4 und N2O Emissionen aus Kläranlagen ein. Unberücksichtigt sind bspw. die eingesetzten Betriebsmittel (z.B. Aktivkohle), Strombedarfe sowie der Bau der Kläranlage. Regen- und Fremdwasser wurden nicht einbezogen. Bei Anwendung des angegebenen Emissionsfaktors für Einzelanlagen müssen hohe Unsicherheiten in Kauf genommen werden, was eine hohe Unter- aber auch Überschätzung der Emissionen bedeuten kann. Die Merkblattreihe 230 der DWA, welche fortlaufend weiterentwickelt wird, gibt konkrete Hinweise, wie Einzelanlagen ihre Emissionen, auch in Verbindung mit orientierenden Messungen, realistischer abschätzen können.
A7: 11_32_01_002_05 | B7: Scope 3 - Gesamt | C7: Abwasser | D7: Nichtöffentliche Abwasserentsorgung | E7: m3 | F7: 0.08 | G7: 2022 | H7: 2025 | I7: UBA-eigene Berechnung basierend auf National Inventory Report (NIR) und DESTATIS Abwassermenge für häusliches und betriebliches Schmutzwasser sowie Erhebung der nichtöffentlichen Abwasserentsorgung | J7: Der Faktor bezieht nur die direkten CH4 und N2O Emissionen aus Kläranlagen ein. Unberücksichtigt sind bspw. die eingesetzten Betriebsmittel (z.B. Aktivkohle), Strombedarfe sowie der Bau der Kläranlage. Regen- und Fremdwasser wurden nicht einbezogen. Bei Anwendung des angegebenen Emissionsfaktors für Einzelanlagen müssen hohe Unsicherheiten in Kauf genommen werden, was eine hohe Unter- aber auch Überschätzung der Emissionen bedeuten kann. Die Merkblattreihe 230 der DWA, welche fortlaufend weiterentwickelt wird, gibt konkrete Hinweise, wie Einzelanlagen ihre Emissionen, auch in Verbindung mit orientierenden Messungen, realistischer abschätzen können.

Sheet 12_Ressourcen m.V.
A1: 12 Ressourcen | C1: Scope | D1: 3
A3: Alphabetische Aufstellung der Ressourcen
A4: An dieser Stelle können wir aus lizenzrechtlichen Gründen bislang noch keine Werte bereitstellen. Diese können dem folgenden Informationsblatt entnommen werden:
A5: Informationsblatt CO2-Faktoren, Bundesförderung für Energie- und Ressourceneffizienz in der Wirtschaft - Zuschuss; Versionsnummer 3.2, Bundesamt für Wirtschaft und Ausfuhrkontrolle (2025), Auswahl an Werten, Link zur Publikation:
A6: https://www.bafa.de/SharedDocs/Downloads/DE/Energie/eew_infoblatt_co2_faktoren_2025.pdf

Sheet Außerhalb der Scopes
A1: Außerhalb der Scopes | C1: Scope | D1: X
A3: Brennstoffbezogene Emissionsfaktoren für biogene Energieträger in der stationären Verbrennung
A4: Anmerkungen: Die aufgeführten Werte ergänzen die Werte welche in den anderen Blättern für biogene Brennstoffe angegeben sind. Die hier aufgeführten Werte beziehen sich auf die biogenen CO2-Emissionen der Verbrennung.
A5: ID | B5: Scope | C5: Level 1 | D5: Level 2 | E5: Level 3 | F5: Einheit | G5: kg CO2e | H5: kg CO2 | I5: kg CH4 | J5: kg N2O | K5: Bezugsjahr | L5: Veröffentlichungsjahr | M5: Quelle | N5: Anmerkungen
A6: XX_00_01_001_01 | B6: außerhalb | C6: Stationäre Verbrennung | D6: erneuerbare Brennstoffe | E6: Biodiesel | F6: kWh | G6: 0.25488 | H6: 0.25488 | K6: 2024 | L6: 2026 | M6: Tabellarische Aufstellung der abgeleiteten Emissionsfaktoren für CO2: Energie & Industrieprozesse (2026)
A7: XX_00_01_001_02 | B7: außerhalb | C7: Stationäre Verbrennung | D7: erneuerbare Brennstoffe | E7: Biodiesel | F7: l | G7: 2.3176888 | H7: 2.3176888 | K7: 2024 | L7: 2026 | M7: Berechenbar mittels Tabellarischer Aufstellung der abgeleiteten Emissionsfaktoren für CO2: Energie & Industrieprozesse (2026)
A8: XX_00_01_001_04 | B8: außerhalb | C8: Stationäre Verbrennung | D8: erneuerbare Brennstoffe | E8: Biodiesel | F8: t | G8: 2636.7336 | H8: 2636.7336 | K8: 2024 | L8: 2026 | M8: Berechenbar mittels Tabellarischer Aufstellung der abgeleiteten Emissionsfaktoren für CO2: Energie & Industrieprozesse (2026)
A9: XX_00_01_002_01 | B9: außerhalb | C9: Stationäre Verbrennung | D9: erneuerbare Brennstoffe | E9: Biogas | F9: kWh | G9: 0.32610325 | H9: 0.32610325 | K9: 2024 | L9: 2026 | M9: Tabellarische Aufstellung der abgeleiteten Emissionsfaktoren für CO2: Energie & Industrieprozesse (2026)
A10: XX_00_01_002_05 | B10: außerhalb | C10: Stationäre Verbrennung | D10: erneuerbare Brennstoffe | E10: Biogas | F10: m³ | G10: 1.8116992 | H10: 1.8116992 | K10: 2024 | L10: 2026 | M10: Berechenbar mittels Tabellarischer Aufstellung der abgeleiteten Emissionsfaktoren für CO2: Energie & Industrieprozesse (2026)
A11: XX_00_01_003_01 | B11: außerhalb | C11: Stationäre Verbrennung | D11: erneuerbare Brennstoffe | E11: Biomethan | F11: kWh | N11: Platzhalter: An dieser Stelle liegen momentan noch keine Werte vor.
A12: XX_00_01_004_01 | B12: außerhalb | C12: Stationäre Verbrennung | D12: erneuerbare Brennstoffe | E12: Deponiegas | F12: kWh | G12: 0.40102719 | H12: 0.40102719 | K12: 2024 | L12: 2026 | M12: Tabellarische Aufstellung der abgeleiteten Emissionsfaktoren für CO2: Energie & Industrieprozesse (2026)
A13: XX_00_01_004_05 | B13: außerhalb | C13: Stationäre Verbrennung | D13: erneuerbare Brennstoffe | E13: Deponiegas | F13: m³ | G13: 1.6041088 | H13: 1.6041088 | K13: 2024 | L13: 2026 | M13: Berechenbar mittels Tabellarischer Aufstellung der abgeleiteten Emissionsfaktoren für CO2: Energie & Industrieprozesse (2026)
A14: XX_00_01_005_01 | B14: außerhalb | C14: Stationäre Verbrennung | D14: erneuerbare Brennstoffe | E14: Klärgas | F14: kWh | G14: 0.3776192 | H14: 0.3776192 | K14: 2024 | L14: 2026 | M14: Tabellarische Aufstellung der abgeleiteten Emissionsfaktoren für CO2: Energie & Industrieprozesse (2026)
A15: XX_00_01_005_05 | B15: außerhalb | C15: Stationäre Verbrennung | D15: erneuerbare Brennstoffe | E15: Klärgas | F15: m³ | G15: 2.3391244 | H15: 2.3391244 | K15: 2024 | L15: 2026 | M15: Berechenbar mittels Tabellarischer Aufstellung der abgeleiteten Emissionsfaktoren für CO2: Energie & Industrieprozesse (2026)
A16: XX_00_01_006_01 | B16: außerhalb | C16: Stationäre Verbrennung | D16: erneuerbare Brennstoffe | E16: Gemischtes Wald-Scheitholz | F16: kWh | G16: 0.36756 | H16: 0.36756 | K16: 2024 | L16: 2026 | M16: Tabellarische Aufstellung der abgeleiteten Emissionsfaktoren für CO2: Energie & Industrieprozesse (2026) | N16: Bezeichnung in der Publikation "Brennholz naturbelassen"
A17: XX_00_01_006_05 | B17: außerhalb | C17: Stationäre Verbrennung | D17: erneuerbare Brennstoffe | E17: Gemischtes Wald-Scheitholz | F17: m³ | G17: 589.67344 | H17: 589.67344 | K17: 2024 | L17: 2026 | M17: Berechenbar mittels Tabellarischer Aufstellung der abgeleiteten Emissionsfaktoren für CO2: Energie & Industrieprozesse (2026) | N17: Mittelwert aus Laubholz und Nadelholz, Bezug Raummeter Holz, 15% Wassergehalt.
A18: XX_00_01_006_04 | B18: außerhalb | C18: Stationäre Verbrennung | D18: erneuerbare Brennstoffe | E18: Gemischtes Wald-Scheitholz | F18: t | G18: 1577.445 | H18: 1577.445 | K18: 2024 | L18: 2026 | M18: Berechenbar mittels Tabellarischer Aufstellung der abgeleiteten Emissionsfaktoren für CO2: Energie & Industrieprozesse (2026) | N18: Mittelwert aus Laubholz und Nadelholz, 15% Wassergehalt.
A19: XX_00_01_008_01 | B19: außerhalb | C19: Stationäre Verbrennung | D19: erneuerbare Brennstoffe | E19: Altholz / Holzreste | F19: kWh | G19: 0.38793013 | H19: 0.38793013 | K19: 2024 | L19: 2026 | M19: Tabellarische Aufstellung der abgeleiteten Emissionsfaktoren für CO2: Energie & Industrieprozesse (2026) | N19: Bezeichnung in der Publikation "Holzabfälle, Resthölzer (Industrie)"
A20: XX_00_01_008_05 | B20: außerhalb | C20: Stationäre Verbrennung | D20: erneuerbare Brennstoffe | E20: Altholz / Holzreste | F20: m³ | G20: 807.8645 | H20: 807.8645 | K20: 2024 | L20: 2026 | M20: Berechenbar mittels Tabellarischer Aufstellung der abgeleiteten Emissionsfaktoren für CO2: Energie & Industrieprozesse (2026)
A21: XX_00_01_008_04 | B21: außerhalb | C21: Stationäre Verbrennung | D21: erneuerbare Brennstoffe | E21: Altholz / Holzreste | F21: t | G21: 1584.048 | H21: 1584.048 | K21: 2024 | L21: 2026 | M21: Berechenbar mittels Tabellarischer Aufstellung der abgeleiteten Emissionsfaktoren für CO2: Energie & Industrieprozesse (2026)
A22: XX_00_01_009_01 | B22: außerhalb | C22: Stationäre Verbrennung | D22: erneuerbare Brennstoffe | E22: Pellets | F22: kWh | N22: Platzhalter: An dieser Stelle liegen momentan noch keine Werte vor.
A23: XX_00_01_009_05 | B23: außerhalb | C23: Stationäre Verbrennung | D23: erneuerbare Brennstoffe | E23: Pellets | F23: m³ | N23: Platzhalter: An dieser Stelle liegen momentan noch keine Werte vor.
A24: XX_00_01_009_04 | B24: außerhalb | C24: Stationäre Verbrennung | D24: erneuerbare Brennstoffe | E24: Pellets | F24: t | N24: Platzhalter: An dieser Stelle liegen momentan noch keine Werte vor.
A26: Brennstoffbezogene Emissionsfaktoren für biogene Energieträger in der mobilen Verbrennung
A28: ID | B28: Scope | C28: Level 1 | D28: Level 2 | E28: Level 3 | F28: Einheit | G28: kg CO2e | H28: kg CO2 | I28: kg CH4 | J28: kg N2O | K28: Bezugsjahr | L28: Veröffentlichungsjahr | M28: Quelle | N28: Anmerkungen
A29: XX_00_02_002_01 | B29: außerhalb | C29: Mobile Verbrennung | D29: erneuerbare Brennstoffe | E29: Biodiesel | F29: kWh | G29: 0.25488001 | H29: 0.25488001 | K29: 2024 | L29: 2025 | M29: TREMOD 6.71 Transport Emission Model
A30: XX_00_02_002_02 | B30: außerhalb | C30: Mobile Verbrennung | D30: erneuerbare Brennstoffe | E30: Biodiesel | F30: l | G30: 2.3176889 | H30: 2.3176889 | K30: 2024 | L30: 2025 | M30: TREMOD 6.71 Transport Emission Model
A31: XX_00_02_002_04 | B31: außerhalb | C31: Mobile Verbrennung | D31: erneuerbare Brennstoffe | E31: Biodiesel | F31: t | G31: 2636.7337 | H31: 2636.7337 | K31: 2024 | L31: 2025 | M31: TREMOD 6.71 Transport Emission Model
A32: XX_00_02_003_01 | B32: außerhalb | C32: Mobile Verbrennung | D32: erneuerbare Brennstoffe | E32: Bioethanol | F32: kWh | G32: 0.25778491 | H32: 0.25778491 | K32: 2024 | L32: 2025 | M32: TREMOD 6.71 Transport Emission Model
A33: XX_00_02_003_02 | B33: außerhalb | C33: Mobile Verbrennung | D33: erneuerbare Brennstoffe | E33: Bioethanol | F33: l | G33: 1.5080288 | H33: 1.5080288 | K33: 2024 | L33: 2025 | M33: TREMOD 6.71 Transport Emission Model
A34: XX_00_02_003_04 | B34: außerhalb | C34: Mobile Verbrennung | D34: erneuerbare Brennstoffe | E34: Bioethanol | F34: t | G34: 1908.8972 | H34: 1908.8972 | K34: 2024 | L34: 2025 | M34: TREMOD 6.71 Transport Emission Model
A35: XX_00_02_004_01 | B35: außerhalb | C35: Mobile Verbrennung | D35: erneuerbare Brennstoffe | E35: Biomethan | F35: kWh | G35: 0.20286692 | H35: 0.20286692 | K35: 2024 | L35: 2025 | M35: TREMOD 6.71 Transport Emission Model
A36: XX_00_02_004_02 | B36: außerhalb | C36: Mobile Verbrennung | D36: erneuerbare Brennstoffe | E36: Biomethan | F36: l | G36: 1.8761809 | H36: 1.8761809 | K36: 2024 | L36: 2025 | M36: TREMOD 6.71 Transport Emission Model
